Address;Status-Code;Status-Text;Type;Size;Title;Date;Level;Links Out;Links In;Server;Error;Duration;Charset;Description
https://www.csbe.gouv.qc.ca/accueil-csbe.html;200;ok;text/html;16930;Accueil CSBE;;0;55;366;Apache;;00:00.761;utf-8;
https://www.csbe.gouv.qc.ca/plan.html;200;ok;text/html;22391;Plan du site;;1;109;362;Apache;;00:00.649;utf-8;
https://www.csbe.gouv.qc.ca/communiques-presse.html;200;ok;text/html;18361;Communiqués;;1;62;367;Apache;;00:00.742;utf-8;
https://www.csbe.gouv.qc.ca/portailquebec.html;200;ok;text/html;;Québec.ca;;1;1;362;Apache;;00:01.077;utf-8;
https://www.csbe.gouv.qc.ca/nous-joindre.html;200;ok;text/html;6794;Nous joindre;;1;35;362;Apache;;00:01.322;utf-8;
https://www.csbe.gouv.qc.ca/publications.html;200;ok;text/html;30857;Publications;;1;132;361;Apache;;00:02.573;utf-8;
https://www.csbe.gouv.qc.ca/mandats-speciaux/soutien-domicile/mandat.html;200;ok;text/html;10399;Mandat;;1;47;361;Apache;;00:02.601;utf-8;
https://www.csbe.gouv.qc.ca/consultations/forum-de-consultation.html;200;ok;text/html;9567;Forum de consultation;;1;40;362;Apache;;00:02.881;utf-8;
https://www.csbe.gouv.qc.ca/commissaire/organisation/mission.html;200;ok;text/html;12832;Vision et mission;;1;44;366;Apache;;00:02.892;utf-8;
https://www.csbe.gouv.qc.ca/actualites/2022.html;200;ok;text/html;13287;2022;;1;61;181;Apache;;00:03.257;utf-8;
https://www.csbe.gouv.qc.ca/mandats-speciaux/aines-covid19/mandat/rapport-final.html;200;ok;text/html;18935;Rapport final;;1;79;4;Apache;;00:03.291;utf-8;
https://www.csbe.gouv.qc.ca/info-csbe.html;200;ok;text/html;24176;INFO CSBE;;1;88;509;Apache;;00:03.562;utf-8;
https://www.csbe.gouv.qc.ca/publications/publication.html?tx_csbepublication_liste%5Bpublication%5D=165&tx_csbepublication_liste%5Baction%5D=fiche&cHash=29e04ee2767c9db5b0c9e7f98446eb31;200;ok;text/html;8250;Publication;;1;40;1;Apache;;00:03.580;utf-8;
https://www.csbe.gouv.qc.ca/publications/publication.html?tx_csbepublication_liste%5Bpublication%5D=160&tx_csbepublication_liste%5Baction%5D=fiche&cHash=71a03565f932e53c55feccd0c091e27d;200;ok;text/html;10025;Publication;;1;49;1;Apache;;00:04.424;utf-8;
https://www.csbe.gouv.qc.ca/publications/publication.html?tx_csbepublication_liste%5Bpublication%5D=161&tx_csbepublication_liste%5Baction%5D=fiche&cHash=d33b6b1d4137676e3465a87102a80cbc;200;ok;text/html;11016;Publication;;1;53;1;Apache;;00:06.005;utf-8;
https://www.csbe.gouv.qc.ca/publications/publication.html?tx_csbepublication_liste%5Bpublication%5D=159&tx_csbepublication_liste%5Baction%5D=fiche&cHash=1033e8b8e5a02e63a4c22daefea74ef5;200;ok;text/html;11218;Publication;;1;55;1;Apache;;00:06.124;utf-8;
https://www.csbe.gouv.qc.ca/publications/publication.html?tx_csbepublication_liste%5Bpublication%5D=152&tx_csbepublication_liste%5Baction%5D=fiche&cHash=d3b9cdbf6d33899bc4f00d43a8f1b7fd;200;ok;text/html;8106;Publication;;1;40;1;Apache;;00:04.422;utf-8;
https://www.csbe.gouv.qc.ca/publications/publication.html?tx_csbepublication_liste%5Bpublication%5D=148&tx_csbepublication_liste%5Baction%5D=fiche&cHash=61871e8d5c407ef478bd3c07b374f20c;200;ok;text/html;9492;Publication;;1;46;1;Apache;;00:06.742;utf-8;
https://www.csbe.gouv.qc.ca/publications/publication.html?tx_csbepublication_liste%5Bpublication%5D=147&tx_csbepublication_liste%5Baction%5D=fiche&cHash=d4b3e24051c2abff21705440e89b3b67;200;ok;text/html;8800;Publication;;1;44;1;Apache;;00:05.212;utf-8;
https://www.csbe.gouv.qc.ca/publications/publication.html?tx_csbepublication_liste%5Bpublication%5D=145&tx_csbepublication_liste%5Baction%5D=fiche&cHash=faeace97336fb9a47b6257b8d95fee7b;200;ok;text/html;8166;Publication;;1;40;1;Apache;;00:06.829;utf-8;
https://www.csbe.gouv.qc.ca/commissaire/organisation/acces-a-linformation.html;200;ok;text/html;11295;Diffusion de l'information;;1;52;362;Apache;;00:07.011;utf-8;
https://www.csbe.gouv.qc.ca/commissaire/documents-administratifs/netiquette-pour-les-reseaux-sociaux.html;200;ok;text/html;16491;Nétiquette pour les réseaux sociaux;;1;47;362;Apache;;00:05.116;utf-8;
https://www.csbe.gouv.qc.ca/publications/archives-du-csbe.html;200;ok;text/html;7582;Archives du CSBE;;2;40;81;Apache;;00:14.087;utf-8;
https://www.csbe.gouv.qc.ca/publications/archives-du-csbe/conseil-de-la-sante-et-du-bien-etre.html;200;ok;text/html;8724;Conseil de la santé et du bien-être;;2;48;30;Apache;;00:18.785;utf-8;
https://www.csbe.gouv.qc.ca/publications/archives-du-csbe/conseil-de-la-sante-et-du-bien-etre/publications-en-rapport-avec-le-commissaire.html;200;ok;text/html;32313;Publications en rapport avec le Commissaire;;2;131;26;Apache;;00:21.874;utf-8;
https://www.csbe.gouv.qc.ca/publications/archives-du-csbe/conseil-de-la-sante-et-du-bien-etre/avis.html;200;ok;text/html;18497;Avis;;2;89;26;Apache;;00:21.660;utf-8;
https://www.csbe.gouv.qc.ca/publications/archives-du-csbe/conseil-de-la-sante-et-du-bien-etre/memoires.html;200;ok;text/html;21335;Mémoires;;2;89;26;Apache;;00:15.907;utf-8;
https://www.csbe.gouv.qc.ca/publications/archives-du-csbe/conseil-de-la-sante-et-du-bien-etre/propositions.html;200;ok;text/html;17457;Propositions;;2;80;26;Apache;;00:14.347;utf-8;
https://www.csbe.gouv.qc.ca/publications/archives-du-csbe/conseil-de-la-sante-et-du-bien-etre/rapports.html;200;ok;text/html;28215;Rapports;;2;116;26;Apache;;00:14.625;utf-8;
https://www.csbe.gouv.qc.ca/publications/archives-du-csbe/conseil-de-la-sante-et-du-bien-etre/rapports-annuels-de-gestion.html;200;ok;text/html;11258;Rapports annuels de gestion;;2;62;26;Apache;;00:21.295;utf-8;
https://www.csbe.gouv.qc.ca/publications/archives-du-csbe/conseil-de-la-sante-et-du-bien-etre/autres-publications.html;200;ok;text/html;24087;Autres publications;;2;102;26;Apache;;00:12.754;utf-8;
https://www.csbe.gouv.qc.ca/publications/archives-du-csbe/conseil-de-la-sante-et-du-bien-etre/communiques.html;200;ok;text/html;11994;Communiqués;;2;62;26;Apache;;00:15.552;utf-8;
https://www.csbe.gouv.qc.ca/publications/archives-du-csbe/conseil-de-la-sante-et-du-bien-etre/communiques/2007-09-17.html;200;ok;text/html;14765;Communiqué;;2;48;2;Apache;;00:10.402;utf-8;
https://www.csbe.gouv.qc.ca/publications/archives-du-csbe/conseil-de-la-sante-et-du-bien-etre/communiques/2004-03-09.html;200;ok;text/html;14916;Communiqué;;2;54;2;Apache;;00:12.875;utf-8;
https://www.csbe.gouv.qc.ca/publications/archives-du-csbe/conseil-de-la-sante-et-du-bien-etre/communiques/2004-01-28.html;200;ok;text/html;10946;Communiqué;;2;48;2;Apache;;00:20.395;utf-8;
https://www.csbe.gouv.qc.ca/publications/archives-du-csbe/conseil-de-la-sante-et-du-bien-etre/communiques/2003-12-05.html;200;ok;text/html;14027;Communiqué;;2;51;2;Apache;;00:15.529;utf-8;
https://www.csbe.gouv.qc.ca/publications/archives-du-csbe/conseil-de-la-sante-et-du-bien-etre/communiques/2003-12-04.html;200;ok;text/html;13934;Communiqué;;2;51;2;Apache;;00:14.111;utf-8;
https://www.csbe.gouv.qc.ca/publications/archives-du-csbe/conseil-de-la-sante-et-du-bien-etre/communiques/2003-10-21.html;200;ok;text/html;12617;Communiqué;;2;52;2;Apache;;00:13.985;utf-8;
https://www.csbe.gouv.qc.ca/publications/archives-du-csbe/conseil-de-la-sante-et-du-bien-etre/communiques/2003-06-13.html;200;ok;text/html;11609;Communiqué;;2;48;2;Apache;;00:14.573;utf-8;
https://www.csbe.gouv.qc.ca/publications/archives-du-csbe/conseil-de-la-sante-et-du-bien-etre/communiques/2003-03-06.html;200;ok;text/html;13083;Communiqué;;2;48;2;Apache;;00:16.500;utf-8;
https://www.csbe.gouv.qc.ca/publications/archives-du-csbe/conseil-de-la-sante-et-du-bien-etre/communiques/2003-02-13.html;200;ok;text/html;12346;Communiqué;;2;48;2;Apache;;00:19.216;utf-8;
https://www.csbe.gouv.qc.ca/publications/archives-du-csbe/conseil-de-la-sante-et-du-bien-etre/communiques/2002-12-13.html;200;ok;text/html;10280;Communiqué;;2;48;2;Apache;;00:17.527;utf-8;
https://www.csbe.gouv.qc.ca/publications/archives-du-csbe/conseil-de-la-sante-et-du-bien-etre/communiques/2002-11-29.html;200;ok;text/html;11170;Communiqué;;2;48;2;Apache;;00:12.574;utf-8;
https://www.csbe.gouv.qc.ca/publications/archives-du-csbe/conseil-de-la-sante-et-du-bien-etre/communiques/2002-11-20.html;200;ok;text/html;12452;Communiqué;;2;48;2;Apache;;00:15.820;utf-8;
https://www.csbe.gouv.qc.ca/publications/archives-du-csbe/conseil-de-la-sante-et-du-bien-etre/communiques/2002-10-01.html;200;ok;text/html;14739;Communiqué;;2;48;2;Apache;;00:21.400;utf-8;
https://www.csbe.gouv.qc.ca/publications/archives-du-csbe/conseil-de-la-sante-et-du-bien-etre/communiques/2002-09-17.html;200;ok;text/html;12931;Communiqué;;2;48;2;Apache;;00:14.621;utf-8;
https://www.csbe.gouv.qc.ca/publications/archives-du-csbe/conseil-de-la-sante-et-du-bien-etre/communiques/2002-08-28.html;200;ok;text/html;13428;Communiqué;;2;48;2;Apache;;00:15.793;utf-8;
https://www.csbe.gouv.qc.ca/publications/archives-du-csbe/conseil-de-la-sante-et-du-bien-etre/conferences.html;200;ok;text/html;20703;Conférences;;2;89;26;Apache;;00:17.737;utf-8;
https://www.csbe.gouv.qc.ca/publications/archives-du-csbe/conseil-de-la-sante-et-du-bien-etre/colloques-forum.html;200;ok;text/html;21833;Colloques / Forum;;2;113;26;Apache;;00:13.186;utf-8;
https://www.csbe.gouv.qc.ca/publications/archives-du-csbe/conseil-medical-du-quebec.html;200;ok;text/html;7412;Conseil médical du Québec;;2;39;30;Apache;;00:18.531;utf-8;
https://www.csbe.gouv.qc.ca/publications/archives-du-csbe/conseil-medical-du-quebec/rapports-dactivites.html;200;ok;text/html;13108;Rapports d'activités;;2;69;3;Apache;;00:20.929;utf-8;
https://www.csbe.gouv.qc.ca/publications/archives-du-csbe/conseil-medical-du-quebec/avis.html;200;ok;text/html;42535;Avis;;2;171;3;Apache;;00:14.008;utf-8;
https://www.csbe.gouv.qc.ca/mandats-speciaux/aines-covid19/mandat.html;200;ok;text/html;9183;Mandat;;2;43;8;Apache;;00:19.501;utf-8;
https://www.csbe.gouv.qc.ca/mandats-speciaux/aines-covid19/mandat/rapport-preliminaire.html;200;ok;text/html;15598;Rapport préliminaire;;2;70;3;Apache;;00:19.209;utf-8;
https://www.csbe.gouv.qc.ca/mandats-speciaux/aines-covid19/approche.html;200;ok;text/html;15870;Approche;;2;42;7;Apache;;00:15.992;utf-8;
https://www.csbe.gouv.qc.ca/mandats-speciaux/aines-covid19/equipe.html;200;ok;text/html;12312;Équipe;;2;42;7;Apache;;00:14.769;utf-8;
https://www.csbe.gouv.qc.ca/mandats-speciaux/aines-covid19/documents.html;200;ok;text/html;27506;Documents;;2;120;7;Apache;;00:14.097;utf-8;
https://www.csbe.gouv.qc.ca/mandats-speciaux/aines-covid19/foire-aux-questions.html;200;ok;text/html;9967;Foire aux questions;;2;41;7;Apache;;00:21.720;utf-8;
https://www.csbe.gouv.qc.ca/consultations/forum-de-consultation/modalites-de-fonctionnement.html;200;ok;text/html;8978;Modalités de fonctionnement;;2;42;6;Apache;;00:11.927;utf-8;
https://www.csbe.gouv.qc.ca/consultations/forum-de-consultation/code-dethique.html;200;ok;text/html;8093;Code d'éthique;;2;43;6;Apache;;00:17.973;utf-8;
https://www.csbe.gouv.qc.ca/consultations/forum-de-consultation/procedure-de-selection.html;200;ok;text/html;11904;Procédure de sélection;;2;42;6;Apache;;00:20.316;utf-8;
https://www.csbe.gouv.qc.ca/consultations/forum-de-consultation/recrutement-forum.html;200;ok;text/html;8384;Recrutement Forum 2022;;2;41;6;Apache;;00:14.763;utf-8;
https://www.csbe.gouv.qc.ca/consultations/consultations-publiques/soins-et-services-aux-aines-covid-19-2020.html;200;ok;text/html;10318;Soins et services aux aînés – COVID 19;;2;44;17;Apache;;00:19.064;utf-8;
https://www.csbe.gouv.qc.ca/consultations/consultations-publiques/panier-de-services-2015.html;200;ok;text/html;12391;Panier de services;;2;48;12;Apache;;00:11.315;utf-8;
https://www.csbe.gouv.qc.ca/consultations/consultations-publiques/2013.html;200;ok;text/html;8298;Procréation assistée;;2;41;12;Apache;;00:13.146;utf-8;
https://www.csbe.gouv.qc.ca/consultations/consultations-publiques/2012.html;200;ok;text/html;9961;Les médicaments;;2;44;12;Apache;;00:14.379;utf-8;
https://www.csbe.gouv.qc.ca/consultations/consultations-publiques/2007.html;200;ok;text/html;13107;Dépistage prénatal de la Trisomie 21;;2;59;12;Apache;;00:16.441;utf-8;
https://www.csbe.gouv.qc.ca/commissaire/organisation/la-commissaire.html;200;ok;text/html;8661;La Commissaire à la santé et bien-être;;2;44;14;Apache;;00:14.698;utf-8;
https://www.csbe.gouv.qc.ca/commissaire/organisation/organigramme.html;200;ok;text/html;8025;Organigramme;;2;45;14;Apache;;00:21.998;utf-8;
https://www.csbe.gouv.qc.ca/commissaire/organisation/equipe.html;200;ok;text/html;25436;L'équipe du Commissaire;;2;63;14;Apache;;00:15.599;utf-8;
https://www.csbe.gouv.qc.ca/commissaire/organisation/loi-reglement-et-codes-dethique.html;200;ok;text/html;10737;Loi, Règlement et codes d'éthique;;2;55;14;Apache;;00:15.330;utf-8;
https://www.csbe.gouv.qc.ca/commissaire/organisation/developpement-durable.html;200;ok;text/html;10549;Développement durable;;2;51;18;Apache;;00:14.644;utf-8;
https://www.csbe.gouv.qc.ca/commissaire/organisation/acces-a-linformation/demande-dacces.html;200;ok;text/html;22771;Demande d'accès;;2;92;7;Apache;;00:16.951;utf-8;
https://www.csbe.gouv.qc.ca/commissaire/organisation/acces-a-linformation/depenses-du-csbe.html;200;ok;text/html;6663;Dépenses du CSBE;;2;36;8;Apache;;00:15.753;utf-8;
https://www.csbe.gouv.qc.ca/commissaire/organisation/acces-a-linformation/httpwwwaccesmcegouvqccasalairesindexasp.html;200;ok;text/html;;Indemnités, allocations et salaires annuels;;2;1;7;Apache;;00:14.320;utf-8;
https://www.csbe.gouv.qc.ca/commissaire/organisation/acces-a-linformation/plan-de-classification-des-documents.html;200;ok;text/html;19848;Plan de classification des documents;;2;50;7;Apache;;00:19.240;utf-8;
https://www.csbe.gouv.qc.ca/commissaire/organisation/acces-a-linformation/renseignements-personnels.html;200;ok;text/html;11536;Renseignements personnels;;2;60;9;Apache;;00:13.760;utf-8;
https://www.csbe.gouv.qc.ca/commissaire/organisation/acces-a-linformation/documents-dinteret-public.html;200;ok;text/html;9715;Documents d'intérêt public;;2;54;7;Apache;;00:15.349;utf-8;
https://www.csbe.gouv.qc.ca/commissaire/organisation/acces-a-linformation/contrats-et-engagements-financiers.html;200;ok;text/html;10664;Contrats et engagements financiers;;2;55;7;Apache;;00:15.082;utf-8;
https://www.csbe.gouv.qc.ca/commissaire/documents-administratifs/rapports-annuels-de-gestion.html;200;ok;text/html;16687;Rapports annuels de gestion;;2;84;42;Apache;;00:18.715;utf-8;
https://www.csbe.gouv.qc.ca/commissaire/documents-administratifs/plans-strategiques.html;200;ok;text/html;10437;Plans stratégiques;;2;49;12;Apache;;00:14.254;utf-8;
https://www.csbe.gouv.qc.ca/commissaire/documents-administratifs/rapport-sur-la-mise-en-oeuvre-de-la-loi.html;200;ok;text/html;8263;Rapport sur la mise en oeuvre de la Loi;;2;43;9;Apache;;00:16.764;utf-8;
https://www.csbe.gouv.qc.ca/actualites/nouvelle-single.html?tx_ttnews%5Btt_news%5D=752&cHash=ef58008e69ca6861b85851c89c4a4cfe;200;ok;text/html;9279;Le Commissaire à la santé et au bien-être évaluera la performance des soins et services de soutien à domicile;;2;53;6;Apache;;00:14.315;utf-8;
https://www.csbe.gouv.qc.ca/actualites/nouvelle-single.html?tx_ttnews%5Btt_news%5D=748&cHash=d455c99d3c00521e7d73425788b6c388;200;ok;text/html;9291;Forum de consultation 2022-2025 - Faites entendre votre voix en matière de santé et de bien-être;;2;53;6;Apache;;00:14.320;utf-8;
https://www.csbe.gouv.qc.ca/actualites/nouvelle-single.html?tx_ttnews%5Btt_news%5D=747&cHash=b4e233cb25f665c054ba42e478ef4cf8;200;ok;text/html;9165;Mandat sur la performance des soins et services aux ainés – COVID-19: Le devoir de faire autrement;;2;53;6;Apache;;00:14.089;utf-8;
https://www.csbe.gouv.qc.ca/actualites/nouvelle-single.html?tx_ttnews%5Btt_news%5D=741&cHash=fe667e0cd92ab7f17edb45e28811f9c8;200;ok;text/html;9205;Nomination - Susan Usher est nommée commissaire adjointe aux politiques et à l'éthique;;2;53;6;Apache;;00:13.005;utf-8;
https://www.csbe.gouv.qc.ca/actualites/nouvelle-single.html?tx_ttnews%5Btt_news%5D=739&cHash=682de50a295fd9ee828383eb53225e26;200;ok;text/html;9548;Mandat sur la performance des soins et services aux ainés - Covid-19 - Regard critique sur l'état du système de santé et de services sociaux;;2;53;6;Apache;;00:20.999;utf-8;
https://www.csbe.gouv.qc.ca/actualites/nouvelle-single.html?tx_ttnews%5Btt_news%5D=737&cHash=3b87620f7813e14581d320417f262cc2;200;ok;text/html;8923;Nomination: Dr Denis A. Roy est nommé commissaire adjoint à l’évaluation;;2;53;6;Apache;;00:15.877;utf-8;
https://www.csbe.gouv.qc.ca/actualites/nouvelle-single.html?tx_ttnews%5Btt_news%5D=734&cHash=e192f1a533751bbea6b97f6c34accdcd;200;ok;text/html;9886;Mandat sur la performance des soins et services aux aînés - Covid-19 - Le Commissaire à la santé et au bien-être publie aujourd'hui un rapport analysant les témoignages reçus dans le cadre de son mandat spécial;;2;53;6;Apache;;00:15.793;utf-8;
https://www.csbe.gouv.qc.ca/actualites/nouvelle-single.html?tx_ttnews%5Btt_news%5D=733&cHash=117ce65d1f710d2d088dd0aa57329056;200;ok;text/html;9425;Soins aux aînés – COVID 19 : La commissaire veut entendre la population;;2;53;6;Apache;;00:15.040;utf-8;
https://www.csbe.gouv.qc.ca/actualites/nouvelle-single.html?tx_ttnews%5Btt_news%5D=732&cHash=8c569ef585f0e0d8ab7edd454ed52c7f;200;ok;text/html;9479;Projet de loi n° 64 : La commissaire à la santé et au bien-être formule trois recommandations;;2;54;6;Apache;;00:19.665;utf-8;
https://www.csbe.gouv.qc.ca/actualites/nouvelle-single.html?tx_ttnews%5Btt_news%5D=731&cHash=2b67349bbc3419f00c5068f8d25ec5d9;200;ok;text/html;9205;Soins et hébergement pour aînés - La commissaire à la santé et au bien-être évaluera la performance du système québécois;;2;53;6;Apache;;00:14.966;utf-8;
https://www.csbe.gouv.qc.ca/communiques-presse.html?tx_ttnews%5Bpointer%5D=1&cHash=b12fa8b794d859a35dbb5ad6bff4a138;200;ok;text/html;19362;Communiqués;;2;64;10;Apache;;00:20.366;utf-8;
https://www.csbe.gouv.qc.ca/communiques-presse.html?tx_ttnews%5Bpointer%5D=2&cHash=d0c4826c57987347c5f28a1898685526;200;ok;text/html;18402;Communiqués;;2;64;10;Apache;;00:17.273;utf-8;
https://www.csbe.gouv.qc.ca/communiques-presse.html?tx_ttnews%5Bpointer%5D=3&cHash=c09e8bac18cdd08e0d6e1bd52f28e2d2;200;ok;text/html;18243;Communiqués;;2;64;10;Apache;;00:22.197;utf-8;
https://www.csbe.gouv.qc.ca/communiques-presse.html?tx_ttnews%5Bpointer%5D=4&cHash=ee28fe12159f1f0d49b276b455395167;200;ok;text/html;17910;Communiqués;;2;64;10;Apache;;00:14.994;utf-8;
https://www.csbe.gouv.qc.ca/communiques-presse.html?tx_ttnews%5Bpointer%5D=5&cHash=9cfbe752e76159e1f4506a51f4757194;200;ok;text/html;13684;Communiqués;;2;55;10;Apache;;00:14.906;utf-8;
https://www.csbe.gouv.qc.ca/publications/type/tout-type.html;200;ok;text/html;30902;Publications;;2;131;73;Apache;;00:20.906;utf-8;
https://www.csbe.gouv.qc.ca/publications/region/toutes-regions.html;200;ok;text/html;31135;Publications;;2;134;73;Apache;;00:22.332;utf-8;
https://www.csbe.gouv.qc.ca/publications/type/rapports-dappreciation-de-la-performance.html;200;ok;text/html;37332;Publications;;2;181;50;Apache;;00:14.653;utf-8;
https://www.csbe.gouv.qc.ca/publications/type/enquetes-du-commonwealth-fund.html;200;ok;text/html;32788;Publications;;2;143;50;Apache;;00:22.583;utf-8;
https://www.csbe.gouv.qc.ca/publications/type/avis-et-autres-rapports.html;200;ok;text/html;25611;Publications;;2;115;50;Apache;;00:16.628;utf-8;
https://www.csbe.gouv.qc.ca/publications/type/bulletins-dinformation.html;200;ok;text/html;20538;Publications;;2;83;54;Apache;;00:10.795;utf-8;
https://www.csbe.gouv.qc.ca/publications.html?tx_csbepublication_liste%5B%40widget_0%5D%5BcurrentPage%5D=2&cHash=352f6f1ce4c238dd36a56c19e932d1d8;200;ok;text/html;28024;Publications;;2;120;5;Apache;;00:16.884;utf-8;
https://www.csbe.gouv.qc.ca/publications.html?tx_csbepublication_liste%5B%40widget_0%5D%5BcurrentPage%5D=7&cHash=0e01a2b88c3c437116c8c58ee56a2a66;200;ok;text/html;11419;Publications;;2;58;13;Apache;;00:17.623;utf-8;
https://www.csbe.gouv.qc.ca/actualites/2021.html;200;ok;text/html;14879;2021;;2;63;180;Apache;;00:13.724;utf-8;
https://www.csbe.gouv.qc.ca/actualites/2020.html;200;ok;text/html;13282;2020;;2;58;180;Apache;;00:14.643;utf-8;
https://www.csbe.gouv.qc.ca/actualites/2019.html;200;ok;text/html;9201;2019;;2;51;180;Apache;;00:15.472;utf-8;
https://www.csbe.gouv.qc.ca/actualites/2017.html;200;ok;text/html;15490;2017;;2;71;181;Apache;;00:13.629;utf-8;
https://www.csbe.gouv.qc.ca/actualites/2016.html;200;ok;text/html;16412;2016;;2;73;181;Apache;;00:21.188;utf-8;
https://www.csbe.gouv.qc.ca/actualites/2015.html;200;ok;text/html;19910;2015;;2;78;181;Apache;;00:18.044;utf-8;
https://www.csbe.gouv.qc.ca/actualites/2014.html;200;ok;text/html;20168;2014;;2;80;181;Apache;;00:17.143;utf-8;
https://www.csbe.gouv.qc.ca/actualites/2013.html;200;ok;text/html;14072;2013;;2;65;181;Apache;;00:21.264;utf-8;
https://www.csbe.gouv.qc.ca/actualites/2012.html;200;ok;text/html;12763;2012;;2;62;181;Apache;;00:17.086;utf-8;
https://www.csbe.gouv.qc.ca/actualites/2011.html;200;ok;text/html;16744;2011;;2;68;181;Apache;;00:11.066;utf-8;
https://www.csbe.gouv.qc.ca/actualites/2010.html;200;ok;text/html;13116;2010;;2;59;181;Apache;;00:14.514;utf-8;
https://www.csbe.gouv.qc.ca/actualites/2009.html;200;ok;text/html;11399;2009;;2;58;181;Apache;;00:14.021;utf-8;
https://www.csbe.gouv.qc.ca/actualites/2008.html;200;ok;text/html;10935;2008;;2;59;181;Apache;;00:13.443;utf-8;
https://www.csbe.gouv.qc.ca/actualites/nouvelle-single.html?tx_ttnews%5Btt_news%5D=754&cHash=4aef30c92f18f76aa9b13fb776a00b38;200;ok;text/html;8575;Appel à contribution sur le soutien à domicile;;2;52;2;Apache;;00:16.812;utf-8;
https://www.csbe.gouv.qc.ca/actualites/nouvelle-single.html?tx_ttnews%5Btt_news%5D=753&cHash=8a97f5a70c3e7109f1d749f1d05b5cf3;200;ok;text/html;9492;Deux nouveaux portraits sur la santé publique maintenant disponibles;;2;54;4;Apache;;00:11.278;utf-8;
https://www.csbe.gouv.qc.ca/actualites/nouvelle-single.html?tx_ttnews%5Btt_news%5D=751&cHash=572932bdc4fec994959faf075c537a8a;200;ok;text/html;9105;Le Commissaire à la santé et au bien-être évaluera la performance des soins et services de soutien à domicile;;2;53;4;Apache;;00:21.538;utf-8;
https://www.csbe.gouv.qc.ca/actualites/nouvelle-single.html?tx_ttnews%5Btt_news%5D=750&cHash=652c9ca5927fdd8d27d3cd366f368267;200;ok;text/html;9060;Sortie du plan stratégique 2021-2025;;2;53;3;Apache;;00:19.443;utf-8;
https://www.csbe.gouv.qc.ca/actualites/nouvelle-single.html?tx_ttnews%5Btt_news%5D=749&cHash=db2d3e74fb7d6d77fcb43f3e1d97b3a0;200;ok;text/html;9189;Forum de consultation 2022-2025 - Faites entendre votre voix en matière de santé et de bien-être;;2;53;5;Apache;;00:22.003;utf-8;
https://www.csbe.gouv.qc.ca/actualites/nouvelle-single.html?tx_ttnews%5Btt_news%5D=746&cHash=35cc8e0f698ed71872cc1ec766c660af;200;ok;text/html;9081;Mandat sur la performance des soins et services aux ainés - COVID-19: Le devoir de faire autrement;;2;53;5;Apache;;00:16.574;utf-8;
https://www.csbe.gouv.qc.ca/infocsbe/info-csbe-19-decembre-2017.html;200;ok;text/html;5556;Info CSBE - 19 décembre 2017;;2;8;2;Apache;;00:19.536;utf-8;
https://www.csbe.gouv.qc.ca/infocsbe/info-csbe-7-decembre-2017.html;200;ok;text/html;8929;Info CSBE - 7 décembre 2017;;2;12;2;Apache;;00:18.670;utf-8;
https://www.csbe.gouv.qc.ca/infocsbe/info-csbe-25-septembre-2017.html;200;ok;text/html;3855;Info CSBE – 25 septembre 2017;;2;8;2;Apache;;00:12.895;utf-8;
https://www.csbe.gouv.qc.ca/infocsbe/info-csbe-20-juin-2017.html;200;ok;text/html;4482;Info CSBE – 20 juin 2017;;2;8;2;Apache;;00:13.779;utf-8;
https://www.csbe.gouv.qc.ca/infocsbe/info-csbe-16-mars-2017.html;200;ok;text/html;7334;Info CSBE – 16 mars 2017;;2;10;2;Apache;;00:17.577;utf-8;
https://www.csbe.gouv.qc.ca/infocsbe/info-csbe-16-fevrier-2017.html;200;ok;text/html;7448;Info CSBE – 16 février 2017;;2;10;2;Apache;;00:16.776;utf-8;
https://www.csbe.gouv.qc.ca/infocsbe/info-csbe-8-decembre-2016.html;200;ok;text/html;4280;Info CSBE - 8 décembre 2016;;2;8;2;Apache;;00:14.102;utf-8;
https://www.csbe.gouv.qc.ca/infocsbe/info-csbe-6-octobre-2016.html;200;ok;text/html;5520;Info CSBE – 6 octobre 2016;;2;9;2;Apache;;00:14.726;utf-8;
https://www.csbe.gouv.qc.ca/infocsbe/info-csbe-26-septembre-2016.html;200;ok;text/html;6502;Info CSBE – 26 septembre 2016;;2;11;2;Apache;;00:12.097;utf-8;
https://www.csbe.gouv.qc.ca/infocsbe/info-csbe-4-aout-2016.html;200;ok;text/html;5390;Info CSBE – 4 août 2016;;2;7;4;Apache;;00:20.894;utf-8;
https://www.csbe.gouv.qc.ca/infocsbe/info-csbe-2-juin-2016.html;200;ok;text/html;5484;Info CSBE – 2 juin 2016;;2;8;2;Apache;;00:21.415;utf-8;
https://www.csbe.gouv.qc.ca/infocsbe/info-csbe-15-mars-2016.html;200;ok;text/html;6273;Info CSBE – 15 mars 2016;;2;9;2;Apache;;00:14.263;utf-8;
https://www.csbe.gouv.qc.ca/infocsbe/info-csbe-10-fevrier-2016.html;200;ok;text/html;5185;Info CSBE - 10 février 2016;;2;7;2;Apache;;00:20.420;utf-8;
https://www.csbe.gouv.qc.ca/infocsbe/info-csbe-28-janvier-2016.html;200;ok;text/html;4504;Info CSBE - 28 janvier 2016;;2;7;2;Apache;;00:17.270;utf-8;
https://www.csbe.gouv.qc.ca/infocsbe/info-csbe-7-decembre-2015.html;200;ok;text/html;5908;Info CSBE - 7 décembre 2015;;2;8;2;Apache;;00:14.723;utf-8;
https://www.csbe.gouv.qc.ca/infocsbe/info-csbe-18-novembre-2015.html;200;ok;text/html;4576;Info CSBE - 18 novembre 2015;;2;8;2;Apache;;00:18.143;utf-8;
https://www.csbe.gouv.qc.ca/infocsbe/info-csbe-29-septembre-2015.html;200;ok;text/html;7103;Info CSBE - 29 septembre 2015;;2;11;2;Apache;;00:21.188;utf-8;
https://www.csbe.gouv.qc.ca/infocsbe/info-csbe-8-septembre-2015.html;200;ok;text/html;3938;Info CSBE - 8 septembre 2015;;2;7;2;Apache;;00:20.479;utf-8;
https://www.csbe.gouv.qc.ca/infocsbe/info-csbe-2-juin-2015.html;200;ok;text/html;4393;Info CSBE - 2 juin 2015;;2;7;2;Apache;;00:14.549;utf-8;
https://www.csbe.gouv.qc.ca/infocsbe/info-csbe-19-mars-2015.html;200;ok;text/html;5440;Info CSBE - 19 mars 2015;;2;8;2;Apache;;00:14.451;utf-8;
https://www.csbe.gouv.qc.ca/infocsbe/info-csbe-9-mars-2015.html;200;ok;text/html;4386;Info CSBE - 9 mars 2015;;2;8;2;Apache;;00:14.197;utf-8;
https://www.csbe.gouv.qc.ca/infocsbe/info-csbe-29-janvier-2015.html;200;ok;text/html;6131;Info CSBE - 29 janvier 2015;;2;7;2;Apache;;00:16.721;utf-8;
https://www.csbe.gouv.qc.ca/infocsbe/info-csbe-8-decembre-2014.html;200;ok;text/html;4997;Info CSBE - 8 décembre 2014;;2;10;2;Apache;;00:13.259;utf-8;
https://www.csbe.gouv.qc.ca/infocsbe/info-csbe-9-octobre-2014.html;200;ok;text/html;4511;Info CSBE - 9 octobre 2014;;2;8;2;Apache;;00:12.038;utf-8;
https://www.csbe.gouv.qc.ca/infocsbe/info-csbe-17-septembre-2014.html;200;ok;text/html;5883;Info CSBE - 17 septembre 2014;;2;8;2;Apache;;00:20.824;utf-8;
https://www.csbe.gouv.qc.ca/infocsbe/info-csbe-9-septembre-2014.html;200;ok;text/html;5829;Info CSBE - 9 septembre 2014;;2;11;2;Apache;;00:15.310;utf-8;
https://www.csbe.gouv.qc.ca/infocsbe/info-csbe-19-juin-2014.html;200;ok;text/html;4632;Info CSBE - 19 juin 2014;;2;6;2;Apache;;00:14.130;utf-8;
https://www.csbe.gouv.qc.ca/infocsbe/info-csbe-6-juin-2014.html;200;ok;text/html;4285;Info CSBE - 6 juin 2014;;2;8;2;Apache;;00:17.390;utf-8;
https://www.csbe.gouv.qc.ca/infocsbe/info-csbe-13-mai-2014.html;200;ok;text/html;5417;Info CSBE - 13 mai 2014;;2;9;2;Apache;;00:20.777;utf-8;
https://www.csbe.gouv.qc.ca/infocsbe/info-csbe-27-mars-2014.html;200;ok;text/html;4866;Info CSBE - 27 mars 2014;;2;8;2;Apache;;00:13.411;utf-8;
https://www.csbe.gouv.qc.ca/infocsbe/info-csbe-12-fevrier-2014.html;200;ok;text/html;5106;Info CSBE - 12 février 2014;;2;8;2;Apache;;00:13.919;utf-8;
https://www.csbe.gouv.qc.ca/infocsbe/info-csbe-20-janvier-2014.html;200;ok;text/html;5560;Info CSBE - 20 janvier 2014;;2;8;2;Apache;;00:22.334;utf-8;
https://www.csbe.gouv.qc.ca/infocsbe/info-csbe-1er-novembre-2013.html;200;ok;text/html;4648;Info CSBE - 1er novembre 2013;;2;7;2;Apache;;00:19.681;utf-8;
https://www.csbe.gouv.qc.ca/infocsbe/info-csbe-10-octobre-2013.html;200;ok;text/html;5723;Info CSBE - 10 octobre 2013;;2;7;2;Apache;;00:18.472;utf-8;
https://www.csbe.gouv.qc.ca/infocsbe/20131002.html;200;ok;text/html;3959;Info CSBE - 2 octobre 2013;;2;7;2;Apache;;00:13.671;utf-8;
https://www.csbe.gouv.qc.ca/infocsbe/20130925.html;200;ok;text/html;4991;Info CSBE - 25 septembre 2013;;2;7;2;Apache;;00:16.097;utf-8;
https://www.csbe.gouv.qc.ca/infocsbe/20130607.html;200;ok;text/html;4002;Info CSBE - 7 juin 2013;;2;7;2;Apache;;00:16.043;utf-8;
https://www.csbe.gouv.qc.ca/infocsbe/20130530.html;200;ok;text/html;5767;Info CSBE - 30 mai 2013;;2;9;2;Apache;;00:10.697;utf-8;
https://www.csbe.gouv.qc.ca/infocsbe/20130516.html;200;ok;text/html;5640;Info CSBE - 16 mai 2013;;2;7;2;Apache;;00:16.261;utf-8;
https://www.csbe.gouv.qc.ca/infocsbe/20130515.html;200;ok;text/html;7429;Info CSBE - 15 mai 2013;;2;11;4;Apache;;00:21.127;utf-8;
https://www.csbe.gouv.qc.ca/infocsbe/20130424.html;200;ok;text/html;4256;Info CSBE - 24 avril 2013;;2;7;2;Apache;;00:17.017;utf-8;
https://www.csbe.gouv.qc.ca/infocsbe/20130404.html;200;ok;text/html;4486;Info CSBE - 4 avril 2013;;2;7;2;Apache;;00:21.979;utf-8;
https://www.csbe.gouv.qc.ca/infocsbe/20130121.html;200;ok;text/html;6167;Info CSBE - 21 janvier 2013;;2;8;2;Apache;;00:21.749;utf-8;
https://www.csbe.gouv.qc.ca/infocsbe/20121206.html;200;ok;text/html;5926;Info CSBE - 6 décembre 2012;;2;9;2;Apache;;00:10.456;utf-8;
https://www.csbe.gouv.qc.ca/infocsbe/20121119.html;200;ok;text/html;4136;Info CSBE - 19 novembre 2012;;2;7;2;Apache;;00:14.495;utf-8;
https://www.csbe.gouv.qc.ca/infocsbe/20121022.html;200;ok;text/html;6008;Info CSBE - 22 octobre 2012;;2;9;2;Apache;;00:11.266;utf-8;
https://www.csbe.gouv.qc.ca/infocsbe/20120528.html;200;ok;text/html;5211;Info CSBE - 28 mai 2012;;2;9;2;Apache;;00:12.979;utf-8;
https://www.csbe.gouv.qc.ca/infocsbe/20120328.html;200;ok;text/html;5143;Info CSBE - 28 mars 2012;;2;9;2;Apache;;00:18.447;utf-8;
https://www.csbe.gouv.qc.ca/infocsbe/20120223.html;200;ok;text/html;4232;Info CSBE - 23 février 2012;;2;7;2;Apache;;00:19.958;utf-8;
https://www.csbe.gouv.qc.ca/infocsbe/20120124.html;200;ok;text/html;6894;Info CSBE - 24 janvier 2012;;2;9;2;Apache;;00:18.979;utf-8;
https://www.csbe.gouv.qc.ca/infocsbe/20110612.html;200;ok;text/html;6431;Info CSBE - 12 décembre 2011;;2;10;2;Apache;;00:13.103;utf-8;
https://www.csbe.gouv.qc.ca/infocsbe/20111130.html;200;ok;text/html;4906;Info CSBE - 30 novembre 2011;;2;8;2;Apache;;00:17.891;utf-8;
https://www.csbe.gouv.qc.ca/infocsbe/20111101.html;200;ok;text/html;7688;Info CSBE - 1er Novembre 2011;;2;9;2;Apache;;00:22.093;utf-8;
https://www.csbe.gouv.qc.ca/?id=737;200;ok;text/html;12832;Vision et mission;;2;47;2;Apache;;00:17.290;utf-8;
https://www.csbe.gouv.qc.ca/actualites/nouvelle-single.html?tx_ttnews%5Btt_news%5D=728&cHash=d76dba407117116d39c53464da663912;200;ok;text/html;9448;Me Mélanie Bourassa Forcier nommée commissaire adjointe à l’éthique et à la règlementation;;3;53;5;Apache;;00:14.915;utf-8;
https://www.csbe.gouv.qc.ca/actualites/nouvelle-single.html?tx_ttnews%5Btt_news%5D=726&cHash=d1c3831e12cf3cf8d7cd57d1ecfe4d49;200;ok;text/html;9726;Le Commissaire en télétravail;;3;52;4;Apache;;00:21.345;utf-8;
https://www.csbe.gouv.qc.ca/actualites/nouvelle-single.html;200;ok;text/html;7355;Nouvelle Single;;3;49;164;Apache;;00:11.318;utf-8;
https://www.csbe.gouv.qc.ca/actualites/nouvelle-single.html?tx_ttnews%5Btt_news%5D=464&cHash=5f78fdf0e25a0fa08c99e7988439c193;200;ok;text/html;8459;Rapport annuel de gestion 2007-2008;;3;53;4;Apache;;00:11.181;utf-8;
https://www.csbe.gouv.qc.ca/actualites/nouvelle-single.html?tx_ttnews%5Btt_news%5D=465&cHash=33a5afd5657529fcbc2419a6d575b334;200;ok;text/html;8477;Plan stratégique 2008-2011;;3;53;3;Apache;;00:20.981;utf-8;
https://www.csbe.gouv.qc.ca/actualites/nouvelle-single.html?tx_ttnews%5Btt_news%5D=466&cHash=5ceeb08814b5cb16b7b565e040cdc8ed;200;ok;text/html;8505;Prolongation de la période de consultation sur le dépistage de la trisomie 21;;3;52;4;Apache;;00:15.830;utf-8;
https://www.csbe.gouv.qc.ca/actualites/nouvelle-single.html?tx_ttnews%5Btt_news%5D=467&cHash=e1d40fa777ca3db9ee41ebfd7337b718;200;ok;text/html;8578;Fin de la consultation publique;;3;53;5;Apache;;00:18.286;utf-8;
https://www.csbe.gouv.qc.ca/actualites/nouvelle-single.html?tx_ttnews%5Btt_news%5D=468&cHash=be9579c15965d9211c5103012cddfebd;200;ok;text/html;8600;Syndrome de Down : consultation publique;;3;53;5;Apache;;00:15.374;utf-8;
https://www.csbe.gouv.qc.ca/actualites/nouvelle-single.html?tx_ttnews%5Btt_news%5D=469&cHash=57ab277f6e3afa96ad8a9f451be2a091;200;ok;text/html;8740;Nouvelles publications du Commissaire à la santé et au bien-être;;3;52;7;Apache;;00:15.434;utf-8;
https://www.csbe.gouv.qc.ca/info-csbe.html?cmd=infomail;200;ok;text/html;24176;INFO CSBE;;3;89;106;Apache;;00:15.585;utf-8;
https://www.csbe.gouv.qc.ca/publications/type/rapports-dappreciation-de-la-performance.html?tx_csbepublication_liste%5B%40widget_0%5D%5BcurrentPage%5D=2&cHash=5e27d14a704086010a3069cf311effa4;200;ok;text/html;41195;Publications;;3;222;2;Apache;;00:15.544;utf-8;
https://www.csbe.gouv.qc.ca/actualites/nouvelle-single.html?tx_ttnews%5Btt_news%5D=453&cHash=d1a34097203ff87cd8d4dc65c7c8fcd5;200;ok;text/html;9576;Un avis du Commissaire à la santé et au bien-être;;3;53;4;Apache;;00:19.969;utf-8;
https://www.csbe.gouv.qc.ca/actualites/nouvelle-single.html?tx_ttnews%5Btt_news%5D=454&cHash=df1a27befef5e72c26734a60910fc970;200;ok;text/html;8859;Renouvellement des membres du Forum de consultation;;3;53;4;Apache;;00:12.683;utf-8;
https://www.csbe.gouv.qc.ca/actualites/nouvelle-single.html?tx_ttnews%5Btt_news%5D=455&cHash=5e9578baeef3cba80d919053cd6ddf64;200;ok;text/html;8593;Forum de consultation : un premier bilan;;3;52;5;Apache;;00:14.582;utf-8;
https://www.csbe.gouv.qc.ca/actualites/nouvelle-single.html?tx_ttnews%5Btt_news%5D=456&cHash=3b3ae535e0afc09fe6799842e3190420;200;ok;text/html;8747;Nomination du docteur Jacques Ramsay;;3;53;4;Apache;;00:16.179;utf-8;
https://www.csbe.gouv.qc.ca/actualites/nouvelle-single.html?tx_ttnews%5Btt_news%5D=457&cHash=5176dcfc171f8002a0eaa120c04b7b6f;200;ok;text/html;9101;Enquête internationale du Commonwealth Fund de 2009;;3;53;4;Apache;;00:12.471;utf-8;
https://www.csbe.gouv.qc.ca/actualites/nouvelle-single.html?tx_ttnews%5Btt_news%5D=458&cHash=82a4aed01bebdec0998c18aed3e47810;200;ok;text/html;8905;Publication du rapport d’appréciation de la performance de 2010;;3;53;5;Apache;;00:13.613;utf-8;
https://www.csbe.gouv.qc.ca/consultations/consultations-publiques/2007/capsules-dinformation/capsule-1.html;200;ok;text/html;9172;Capsule 1;;3;42;2;Apache;;00:13.736;utf-8;
https://www.csbe.gouv.qc.ca/consultations/consultations-publiques/2007/capsules-dinformation/capsule-2.html;200;ok;text/html;8656;Capsule 2;;3;42;2;Apache;;00:19.972;utf-8;
https://www.csbe.gouv.qc.ca/consultations/consultations-publiques/2007/capsules-dinformation/capsule-3.html;200;ok;text/html;7935;Capsule 3;;3;42;2;Apache;;00:11.780;utf-8;
https://www.csbe.gouv.qc.ca/consultations/consultations-publiques/2007/capsules-dinformation/capsule-4.html;200;ok;text/html;8380;Capsule 4;;3;42;2;Apache;;00:17.293;utf-8;
https://www.csbe.gouv.qc.ca/consultations/consultations-publiques/2007/capsules-dinformation/capsule-5.html;200;ok;text/html;9422;Capsule 5;;3;42;2;Apache;;00:16.622;utf-8;
https://www.csbe.gouv.qc.ca/consultations/consultations-publiques/2007/capsules-dinformation/capsule-6.html;200;ok;text/html;9719;Capsule 6;;3;44;2;Apache;;00:15.068;utf-8;
https://www.csbe.gouv.qc.ca/publications/type/avis-et-autres-rapports.html?tx_csbepublication_liste%5B%40widget_0%5D%5BcurrentPage%5D=2&cHash=94e935ff1d15066c786bc84696cc26a1;200;ok;text/html;18681;Publications;;3;85;2;Apache;;00:12.982;utf-8;
https://www.csbe.gouv.qc.ca/publications.html?tx_csbepublication_liste%5B%40widget_0%5D%5BcurrentPage%5D=1&cHash=940cc4526a4c3b180bdb1fee1d224214;200;ok;text/html;30918;Publications;;3;133;12;Apache;;00:15.151;utf-8;
https://www.csbe.gouv.qc.ca/publications.html?tx_csbepublication_liste%5B%40widget_0%5D%5BcurrentPage%5D=6&cHash=4aa49e8608c8cce154d7aaf4aaba4685;200;ok;text/html;33678;Publications;;3;152;4;Apache;;00:11.584;utf-8;
https://www.csbe.gouv.qc.ca/publications/publication.html?tx_csbepublication_liste%5Bpublication%5D=159&tx_csbepublication_liste%5Baction%5D=fiche;200;ok;text/html;8166;Publication;;3;40;1;Apache;;00:19.465;utf-8;
https://www.csbe.gouv.qc.ca/publications/publication.html?tx_csbepublication_liste%5Bpublication%5D=148&tx_csbepublication_liste%5Baction%5D=fiche;200;ok;text/html;8166;Publication;;3;40;1;Apache;;00:13.595;utf-8;
https://www.csbe.gouv.qc.ca/aines-covid19/mandat/rapport-final.html;200;ok;text/html;16081;Rapport final;;3;65;1;Apache;;00:15.917;utf-8;
https://www.csbe.gouv.qc.ca/publications/publication.html?tx_csbepublication_liste%5Bpublication%5D=133&tx_csbepublication_liste%5Baction%5D=fiche;200;ok;text/html;8166;Publication;;3;40;8;Apache;;00:14.835;utf-8;
https://www.csbe.gouv.qc.ca/publications/publication.html?tx_csbepublication_liste%5Bpublication%5D=165&tx_csbepublication_liste%5Baction%5D=fiche;200;ok;text/html;8166;Publication;;3;40;1;Apache;;00:14.454;utf-8;
https://www.csbe.gouv.qc.ca/actualites/nouvelle-single.html?tx_ttnews%5Btt_news%5D=718&cHash=0808dab58688fcce47890320e30a1355;200;ok;text/html;9071;Perceptions et expériences des personnes de 65 ans et plus;;3;53;1;Apache;;00:13.510;utf-8;
https://www.csbe.gouv.qc.ca/actualites/nouvelle-single.html?tx_ttnews%5Btt_news%5D=713&cHash=f25dbf6470135cc5036b33ded9da5484;200;ok;text/html;9310;Performance du système de santé et de services sociaux québécois 2016;;3;53;1;Apache;;00:14.741;utf-8;
https://www.csbe.gouv.qc.ca/actualites/nouvelle-single.html?tx_ttnews%5Btt_news%5D=712&cHash=445319681554b402f82112678dae381a;200;ok;text/html;9221;Évolution sur 6 ans des perceptions et expériences de soins de la population;;3;53;1;Apache;;00:12.997;utf-8;
https://www.csbe.gouv.qc.ca/actualites/nouvelle-single.html?tx_ttnews%5Btt_news%5D=700&cHash=b98f45004e132e159d2be21268cda1fb;200;ok;text/html;9325;Entendre la voix citoyenne pour améliorer l'offre de soins et services – Un état des lieux;;3;53;1;Apache;;00:15.651;utf-8;
https://www.csbe.gouv.qc.ca/actualites/nouvelle-single.html?tx_ttnews%5Btt_news%5D=695&cHash=0668eb7d283b8fc8e9e9110e2c67da05;200;ok;text/html;9169;Départ du commissaire et prochaines publications;;3;53;1;Apache;;00:13.703;utf-8;
https://www.csbe.gouv.qc.ca/actualites/nouvelle-single.html?tx_ttnews%5Btt_news%5D=689&cHash=74f18eed84d53645067798b56f4221bc;200;ok;text/html;9144;Apprendre des meilleurs : étude comparative des urgences du Québec;;3;53;1;Apache;;00:15.002;utf-8;
https://www.csbe.gouv.qc.ca/actualites/nouvelle-single.html?tx_ttnews%5Btt_news%5D=679&cHash=3a3b85c819c627e35c4f80b1b2193027;200;ok;text/html;9625;Déclaration du commissaire à la santé et au bien-être concernant la cessation des activités de son organisme;;3;53;1;Apache;;00:14.099;utf-8;
https://www.csbe.gouv.qc.ca/actualites/nouvelle-single.html?tx_ttnews%5Btt_news%5D=668&cHash=5bc8bc7fcb8941e2a6513b421cee6830;200;ok;text/html;9349;Appel de témoignages dans le cadre d’une consultation publique du Commissaire à la santé et au bien-être sur le panier de services assurés;;3;53;1;Apache;;00:14.730;utf-8;
https://www.csbe.gouv.qc.ca/actualites/nouvelle-single.html?tx_ttnews%5Btt_news%5D=661&cHash=f8ff7184927731e4a1b8d2a058aad8c1;200;ok;text/html;9453;Perceptions et expériences des médecins de première ligne : Résultats de l’enquête internationale sur les politiques de santé du Commonwealth Fund de 2015;;3;53;1;Apache;;00:15.035;utf-8;
https://www.csbe.gouv.qc.ca/actualites/nouvelle-single.html?tx_ttnews%5Btt_news%5D=631&cHash=b2df968e044bb5506de1b943b860f19f;200;ok;text/html;9308;Appel de mémoires dans le cadre d’une consultation publique du Commissaire à la santé et au bien-être sur le panier de services assurés en santé et en services sociaux;;3;53;1;Apache;;00:14.541;utf-8;
https://www.csbe.gouv.qc.ca/actualites/nouvelle-single.html?tx_ttnews%5Btt_news%5D=730&cHash=8400185bd8d3ad719d53b6e4f90a4d54;200;ok;text/html;9449;Soins aux aînés – COVID 19 : La commissaire veut entendre la population;;3;53;5;Apache;;00:14.776;utf-8;
https://www.csbe.gouv.qc.ca/actualites/nouvelle-single.html?tx_ttnews%5Btt_news%5D=701&cHash=f1d054f96b19e53ab0bf319db5e635a3;200;ok;text/html;9241;Entendre la voix citoyenne pour améliorer l’offre de soins et services;;3;55;4;Apache;;00:14.117;utf-8;
https://www.csbe.gouv.qc.ca/actualites/nouvelle-single.html?tx_ttnews%5Btt_news%5D=699&cHash=63fee8189b39c513e83ef59ae18b83b8;200;ok;text/html;8640;Rapport annuel de gestion 2015-2016;;3;53;4;Apache;;00:14.211;utf-8;
https://www.csbe.gouv.qc.ca/actualites/nouvelle-single.html?tx_ttnews%5Btt_news%5D=696&cHash=eb3c1da7dc6a1a7c424bed4bfff71960;200;ok;text/html;8857;Départ à la retraite du commissaire à la santé et au bien-être;;3;54;5;Apache;;00:14.311;utf-8;
https://www.csbe.gouv.qc.ca/actualites/nouvelle-single.html?tx_ttnews%5Btt_news%5D=688&cHash=1037e79e6b9fc97a2579e989f07d5965;200;ok;text/html;9090;Publication d’un rapport sur la performance des urgences;;3;54;4;Apache;;00:14.473;utf-8;
https://www.csbe.gouv.qc.ca/actualites/nouvelle-single.html?tx_ttnews%5Btt_news%5D=678&cHash=e6a4d172c68a93ecf8c8b4bbca75f728;200;ok;text/html;8788;Déclaration du commissaire concernant la cessation des activités de son organisme;;3;53;5;Apache;;00:13.017;utf-8;
https://www.csbe.gouv.qc.ca/actualites/nouvelle-single.html?tx_ttnews%5Btt_news%5D=677&cHash=b5dc2bed9c2789bf4ea13d3a149d58f7;200;ok;text/html;10373;Publication du bulletin Info-Performance;;3;56;6;Apache;;00:12.972;utf-8;
https://www.csbe.gouv.qc.ca/actualites/nouvelle-single.html?tx_ttnews%5Btt_news%5D=667&cHash=89c95de031d57b3cb2d6ad7ac6b9e08e;200;ok;text/html;10206;Participez à notre appel de témoignages sur le panier de services assurés;;3;58;7;Apache;;00:15.187;utf-8;
https://www.csbe.gouv.qc.ca/actualites/nouvelle-single.html?tx_ttnews%5Btt_news%5D=660&cHash=4b1fdd6bfdaa4a726be5930df31adfb2;200;ok;text/html;9192;Perceptions et expériences des médecins de première ligne : le Québec comparé;;3;54;5;Apache;;00:12.677;utf-8;
https://www.csbe.gouv.qc.ca/publications/type/tout-type.html?tx_csbepublication_liste%5B%40widget_0%5D%5BcurrentPage%5D=2&cHash=545bb091cd5740e08e38fc1a72d66b4d;200;ok;text/html;28084;Publications;;3;120;3;Apache;;00:15.450;utf-8;
https://www.csbe.gouv.qc.ca/publications/type/tout-type.html?tx_csbepublication_liste%5B%40widget_0%5D%5BcurrentPage%5D=7&cHash=e53b333a1efa42445bd3645f0aa6211c;200;ok;text/html;11464;Publications;;3;58;7;Apache;;00:17.378;utf-8;
https://www.csbe.gouv.qc.ca/publications/publication.html?tx_csbepublication_liste%5Bpublication%5D=145&tx_csbepublication_liste%5Baction%5D=fiche;200;ok;text/html;8166;Publication;;3;40;1;Apache;;00:12.372;utf-8;
https://www.csbe.gouv.qc.ca/actualites/nouvelle-single.html?tx_ttnews%5Btt_news%5D=479&cHash=4dc533b772c0a58b0f38c3c820bc9bd0;200;ok;text/html;8732;Consultations sur le Livre blanc sur la création d’une assurance autonomie;;3;53;4;Apache;;00:10.961;utf-8;
https://www.csbe.gouv.qc.ca/actualites/nouvelle-single.html?tx_ttnews%5Btt_news%5D=431&cHash=9ac20d6834153579631b7035ee9f4d1f;200;ok;text/html;8739;Nouveau site Web;;3;52;3;Apache;;00:15.852;utf-8;
https://www.csbe.gouv.qc.ca/actualites/nouvelle-single.html?tx_ttnews%5Btt_news%5D=470&cHash=1bcd610ff5ae50e5b06fbb33261a4780;200;ok;text/html;8521;Rapport annuel de gestion 2012-2013;;3;53;3;Apache;;00:14.223;utf-8;
https://www.csbe.gouv.qc.ca/actualites/nouvelle-single.html?tx_ttnews%5Btt_news%5D=430&cHash=ca4ffdd313ff0ee3976261e02fb53748;200;ok;text/html;8906;Rapport sur la mise en œuvre de la Loi;;3;53;3;Apache;;00:13.847;utf-8;
https://www.csbe.gouv.qc.ca/actualites/nouvelle-single.html?tx_ttnews%5Btt_news%5D=420&cHash=16e0362fc692a77ab15d231c28b37b13;200;ok;text/html;8874;Rapport de recherche sur la fixation des prix des médicaments génériques au Québec;;3;53;4;Apache;;00:13.347;utf-8;
https://www.csbe.gouv.qc.ca/actualites/nouvelle-single.html?tx_ttnews%5Btt_news%5D=432&cHash=172594b68a529b255432e1b242b5fd76;200;ok;text/html;8605;Visionner notre webinaire;;3;53;4;Apache;;00:17.910;utf-8;
https://www.csbe.gouv.qc.ca/webinaires/30-mai-2013.html;200;ok;text/html;6949;30 mai 2013;;3;36;10;Apache;;00:16.416;utf-8;
https://www.csbe.gouv.qc.ca/actualites/nouvelle-single.html?tx_ttnews%5Btt_news%5D=433&cHash=33d9d052b5248ee2c23da01b7ec710b7;200;ok;text/html;8819;Rapport d’appréciation de la performance de 2013;;3;53;4;Apache;;00:12.334;utf-8;
https://www.csbe.gouv.qc.ca/actualites/nouvelle-single.html?tx_ttnews%5Btt_news%5D=434&cHash=8230934efbc140ae882992f92e76c3f3;200;ok;text/html;8671;Plan stratégique 2012-2017;;3;53;4;Apache;;00:13.643;utf-8;
https://www.csbe.gouv.qc.ca/actualites/nouvelle-single.html?tx_ttnews%5Btt_news%5D=435&cHash=cf978dd67dbf14ac7256e270d318c475;200;ok;text/html;8655;Enquête du Commonwealth Fund de 2012;;3;53;4;Apache;;00:14.368;utf-8;
https://www.csbe.gouv.qc.ca/publications/publication.html?tx_csbepublication_liste%5Bpublication%5D=161&tx_csbepublication_liste%5Baction%5D=fiche;200;ok;text/html;8166;Publication;;3;40;1;Apache;;00:17.576;utf-8;
https://www.csbe.gouv.qc.ca/actualites/nouvelle-single.html?tx_ttnews%5Btt_news%5D=740&cHash=adbd7b3ab7b2d178973a2a49ba728aae;200;ok;text/html;9092;Mandat sur la performance des soins et services aux ainés - Covid-19 - Regard critique sur l'état du système de santé et de services sociaux;;3;53;5;Apache;;00:15.763;utf-8;
https://www.csbe.gouv.qc.ca/actualites/nouvelle-single.html?tx_ttnews%5Btt_news%5D=738&cHash=37a04d63a7bbd4bc18ee0bf5f79e8189;200;ok;text/html;9052;Nomination: Dr Denis A. Roy est nommé commissaire adjoint à l’évaluation;;3;53;5;Apache;;00:14.792;utf-8;
https://www.csbe.gouv.qc.ca/publications/type/enquetes-du-commonwealth-fund.html?tx_csbepublication_liste%5B%40widget_0%5D%5BcurrentPage%5D=2&cHash=b27cd29210d6632c0abac1877090be75;200;ok;text/html;10418;Publications;;3;52;2;Apache;;00:13.724;utf-8;
https://www.csbe.gouv.qc.ca/actualites/nouvelle-single.html?tx_ttnews%5Btt_news%5D=727&cHash=2f69a67680e902c6891cd8ecaa3f799a;200;ok;text/html;9222;Soins et hébergement pour aînés - La commissaire à la santé et au bien-être évaluera la performance du système québécois;;3;53;3;Apache;;00:16.646;utf-8;
https://www.csbe.gouv.qc.ca/actualites/nouvelle-single.html?tx_ttnews%5Btt_news%5D=725&cHash=9fe7e589bdda8127b3164d2e3cbbcc0d;200;ok;text/html;8815;Nomination de madame Joanne Castonguay à titre de Commissaire à la santé et au bien-être;;3;52;3;Apache;;00:12.622;utf-8;
https://www.csbe.gouv.qc.ca/actualites/nouvelle-single.html?tx_ttnews%5Btt_news%5D=519&cHash=579368b587358d23d16075dda635dcf4;200;ok;text/html;9165;Enquête internationale du Commonwealth Fund sur les politiques de santé – Dévoilement des données québécoises : perceptions et expériences de soins;;3;53;1;Apache;;00:15.436;utf-8;
https://www.csbe.gouv.qc.ca/actualites/nouvelle-single.html?tx_ttnews%5Btt_news%5D=518&cHash=467f28f0542cb8339ef705138d777735;200;ok;text/html;9197;Le Commissaire à la santé et au bien-être invite les citoyennes et citoyens à poser leur candidature pour devenir membres de son Forum de consultation;;3;53;1;Apache;;00:16.933;utf-8;
https://www.csbe.gouv.qc.ca/actualites/nouvelle-single.html?tx_ttnews%5Btt_news%5D=517&cHash=0f09701b50fa504f38bde64826d3ca0e;200;ok;text/html;9274;Soutenir la recherche concernant l’effet des modes de rémunération des médecins sur la performance du système de santé et de services sociaux;;3;53;1;Apache;;00:18.675;utf-8;
https://www.csbe.gouv.qc.ca/actualites/nouvelle-single.html?tx_ttnews%5Btt_news%5D=516&cHash=5cfd9ca40a194433bdfd609a0ced3d40;200;ok;text/html;9222;Publication d’un rapport de recherche sur la fixation des prix des médicaments génériques au Québec;;3;53;1;Apache;;00:13.798;utf-8;
https://www.csbe.gouv.qc.ca/actualites/nouvelle-single.html?tx_ttnews%5Btt_news%5D=515&cHash=a4ad182c48b998edfd1e752cb7c4efb4;200;ok;text/html;9174;Publication du rapport d’appréciation du Commissaire - La performance du système de santé et de services sociaux québécois 2013;;3;53;1;Apache;;00:14.730;utf-8;
https://www.csbe.gouv.qc.ca/actualites/nouvelle-single.html?tx_ttnews%5Btt_news%5D=514&cHash=e0ccf061af3f8bf88c853aeac5c47cad;200;ok;text/html;9176;Performance du système de santé et de services sociaux québécois - Pour plus d’équité et de résultats en santé mentale au Québec;;3;53;1;Apache;;00:13.411;utf-8;
https://www.csbe.gouv.qc.ca/actualites/nouvelle-single.html?tx_ttnews%5Btt_news%5D=513&cHash=67210956c8d8a375de773dc422eb06ee;200;ok;text/html;8917;Élection de madame Ghislaine Cleret de Langavant à titre de présidente de la Société canadienne de bioéthique;;3;53;1;Apache;;00:13.665;utf-8;
https://www.csbe.gouv.qc.ca/actualites/nouvelle-single.html?tx_ttnews%5Btt_news%5D=512&cHash=c571e38575e810b94846089c818bd841;200;ok;text/html;9059;Nomination du docteur Jacques E. Girard à titre de commissaire adjoint à l’appréciation et à l’analyse;;3;53;1;Apache;;00:17.132;utf-8;
https://www.csbe.gouv.qc.ca/actualites/nouvelle-single.html?tx_ttnews%5Btt_news%5D=532&cHash=0791ae6d74501e9f143864b52b239cbc;200;ok;text/html;9450;Périnatalité et petite enfance : Pour des soins et services mieux adaptés en temps opportun;;3;53;1;Apache;;00:15.899;utf-8;
https://www.csbe.gouv.qc.ca/actualites/nouvelle-single.html?tx_ttnews%5Btt_news%5D=511&cHash=638f4ff31ac09f021e438ebfa3fa48e4;200;ok;text/html;8950;Nomination des membres du deuxième Forum de consultation du Commissaire à la santé et au bien-être;;3;53;1;Apache;;00:17.640;utf-8;
https://www.csbe.gouv.qc.ca/publications/region/01-bas-saint-laurent.html;200;ok;text/html;19078;Publications;;3;95;23;Apache;;00:14.991;utf-8;
https://www.csbe.gouv.qc.ca/publications/region/02-saguenay-lac-saint-jean.html;200;ok;text/html;19274;Publications;;3;95;23;Apache;;00:13.473;utf-8;
https://www.csbe.gouv.qc.ca/publications/region/03-capitale-nationale.html;200;ok;text/html;19111;Publications;;3;95;23;Apache;;00:13.271;utf-8;
https://www.csbe.gouv.qc.ca/publications/region/04-mauricie-et-centre-du-quebec.html;200;ok;text/html;19363;Publications;;3;95;23;Apache;;00:17.434;utf-8;
https://www.csbe.gouv.qc.ca/publications/region/05-estrie.html;200;ok;text/html;18793;Publications;;3;95;23;Apache;;00:15.109;utf-8;
https://www.csbe.gouv.qc.ca/publications/region/06-montreal.html;200;ok;text/html;18864;Publications;;3;95;23;Apache;;00:16.154;utf-8;
https://www.csbe.gouv.qc.ca/publications/region/07-outaouais.html;200;ok;text/html;18874;Publications;;3;95;23;Apache;;00:16.104;utf-8;
https://www.csbe.gouv.qc.ca/publications/region/08-abitibi-temiscamingue.html;200;ok;text/html;19209;Publications;;3;95;23;Apache;;00:20.805;utf-8;
https://www.csbe.gouv.qc.ca/publications/region/09-cote-nord.html;200;ok;text/html;18885;Publications;;3;95;23;Apache;;00:15.133;utf-8;
https://www.csbe.gouv.qc.ca/publications/region/10-nord-du-quebec.html;200;ok;text/html;8823;Publications;;3;53;23;Apache;;00:12.609;utf-8;
https://www.csbe.gouv.qc.ca/publications/region/11-gaspesie-iles-de-la-madeleine.html;200;ok;text/html;19430;Publications;;3;95;23;Apache;;00:15.564;utf-8;
https://www.csbe.gouv.qc.ca/publications/region/12-chaudiere-appalaches.html;200;ok;text/html;19187;Publications;;3;95;23;Apache;;00:14.530;utf-8;
https://www.csbe.gouv.qc.ca/publications/region/13-laval.html;200;ok;text/html;18766;Publications;;3;95;23;Apache;;00:16.445;utf-8;
https://www.csbe.gouv.qc.ca/publications/region/14-lanaudiere.html;200;ok;text/html;18918;Publications;;3;95;23;Apache;;00:10.933;utf-8;
https://www.csbe.gouv.qc.ca/publications/region/15-laurentides.html;200;ok;text/html;16808;Publications;;3;87;23;Apache;;00:15.418;utf-8;
https://www.csbe.gouv.qc.ca/publications/region/16-monteregie.html;200;ok;text/html;21051;Publications;;3;103;23;Apache;;00:17.737;utf-8;
https://www.csbe.gouv.qc.ca/publications/region/toutes-regions.html?tx_csbepublication_liste%5B%40widget_0%5D%5BcurrentPage%5D=2&cHash=b7b1e425c75ce53095bbb8c45e9a6056;200;ok;text/html;31275;Publications;;3;137;3;Apache;;00:16.145;utf-8;
https://www.csbe.gouv.qc.ca/publications/region/toutes-regions.html?tx_csbepublication_liste%5B%40widget_0%5D%5BcurrentPage%5D=6&cHash=52f4d5dd08108dd3896a4e9a8ba133ec;200;ok;text/html;41940;Publications;;3;216;6;Apache;;00:10.755;utf-8;
https://www.csbe.gouv.qc.ca/publications/publication.html?tx_csbepublication_liste%5Bpublication%5D=160&tx_csbepublication_liste%5Baction%5D=fiche;200;ok;text/html;8166;Publication;;3;40;1;Apache;;00:17.304;utf-8;
https://www.csbe.gouv.qc.ca/actualites/nouvelle-single.html?tx_ttnews%5Btt_news%5D=729&cHash=a6ce40c8e3adbf038d1ad7ab168c596c;200;ok;text/html;9479;Projet de loi n° 64 : La commissaire à la santé et au bien-être formule trois recommandations;;3;54;4;Apache;;00:17.068;utf-8;
https://www.csbe.gouv.qc.ca/actualites/2020/communique.html;200;ok;text/html;10113;Communiqué;;3;49;2;Apache;;00:17.121;utf-8;
https://www.csbe.gouv.qc.ca/actualites/nouvelle-single.html?tx_ttnews%5Btt_news%5D=735&cHash=f6638e874db5f2d51517959b56cd3f2e;200;ok;text/html;9518;Mandat sur la performance des soins et services aux aînés - Covid-19 - Le Commissaire à la santé et au bien-être publie aujourd'hui un rapport analysant les témoignages reçus dans le cadre de son mandat spécial;;3;53;5;Apache;;00:17.329;utf-8;
https://www.csbe.gouv.qc.ca/actualites/nouvelle-single.html?tx_ttnews%5Btt_news%5D=642&cHash=e8ad6322817ed4c6847a14bd8d48b347;200;ok;text/html;8836;Publication du bulletin Info-Performance;;3;53;4;Apache;;00:16.219;utf-8;
https://www.csbe.gouv.qc.ca/actualites/nouvelle-single.html?tx_ttnews%5Btt_news%5D=627&cHash=28f49b0be74f76d6193c511028131aa5;200;ok;text/html;8810;Travaux en cours sur le panier de services;;3;53;6;Apache;;00:14.287;utf-8;
https://www.csbe.gouv.qc.ca/actualites/nouvelle-single.html?tx_ttnews%5Btt_news%5D=459&cHash=d04b3cbb712bfd9f4b554ccc559ef195;200;ok;text/html;8853;L’ATLAS CSBE;;3;53;5;Apache;;00:15.680;utf-8;
https://www.csbe.gouv.qc.ca/communiques-presse.html?tx_ttnews%5Bpointer%5D=5;200;ok;text/html;18361;Communiqués;;4;63;1;Apache;;00:14.043;utf-8;
https://www.csbe.gouv.qc.ca/publications/region/toutes-regions.html?tx_csbepublication_liste%5B%40widget_0%5D%5BcurrentPage%5D=1&cHash=e347d7d5bcce12d941e3ce4f46cb5858;200;ok;text/html;31196;Publications;;4;136;5;Apache;;00:18.735;utf-8;
https://www.csbe.gouv.qc.ca/publications/region/toutes-regions.html?tx_csbepublication_liste%5B%40widget_0%5D%5BcurrentPage%5D=5&cHash=84649b89bb06bbb9ba073b03f73e367a;200;ok;text/html;38206;Publications;;4;187;2;Apache;;00:14.949;utf-8;
https://www.csbe.gouv.qc.ca/actualites/nouvelle-single.html?tx_ttnews%5Btt_news%5D=443&cHash=fff29d47529e97e1e462fac18cf0398f;200;ok;text/html;8972;Bulletin n° 3 de l'Info-Performance;;3;53;3;Apache;;00:12.765;utf-8;
https://www.csbe.gouv.qc.ca/actualites/nouvelle-single.html?tx_ttnews%5Btt_news%5D=444&cHash=c1b8a2fc9317c03eea265263ba8f6f0b;200;ok;text/html;8648;Bulletin n° 2 de l'Info-Performance;;3;53;3;Apache;;00:15.806;utf-8;
https://www.csbe.gouv.qc.ca/actualites/nouvelle-single.html?tx_ttnews%5Btt_news%5D=445&cHash=a4507653f4925ed2c6ad86d7d60bf6d7;200;ok;text/html;8680;Rapport annuel de gestion 2010-2011;;3;53;3;Apache;;00:14.481;utf-8;
https://www.csbe.gouv.qc.ca/actualites/nouvelle-single.html?tx_ttnews%5Btt_news%5D=446&cHash=dc4c50b6f309ac99989aa2398ea87f00;200;ok;text/html;8672;Renouvellement du mandat de M. Robert Salois;;3;52;4;Apache;;00:17.405;utf-8;
https://www.csbe.gouv.qc.ca/actualites/nouvelle-single.html?tx_ttnews%5Btt_news%5D=447&cHash=8c03368ecbb805d8a0bb8be5210418e2;200;ok;text/html;8803;Nomination des membres du deuxième Forum de consultation;;3;53;4;Apache;;00:18.275;utf-8;
https://www.csbe.gouv.qc.ca/actualites/nouvelle-single.html?tx_ttnews%5Btt_news%5D=448&cHash=2dbbbeb041f3b83102d6249ed0718ae6;200;ok;text/html;9110;Enquête du Commonwealth Fund de 2010;;3;53;3;Apache;;00:19.258;utf-8;
https://www.csbe.gouv.qc.ca/actualites/nouvelle-single.html?tx_ttnews%5Btt_news%5D=449&cHash=32f3fa6c1912b547a853bf3f50319a35;200;ok;text/html;8943;Fin de la période de mise en candidature des membres experts pour le deuxième Forum de consultation;;3;53;3;Apache;;00:14.399;utf-8;
https://www.csbe.gouv.qc.ca/actualites/nouvelle-single.html?tx_ttnews%5Btt_news%5D=450&cHash=264375435f78c1ea99911b80359c2702;200;ok;text/html;9088;Mémoire sur le projet de loi 127;;3;53;3;Apache;;00:17.262;utf-8;
https://www.csbe.gouv.qc.ca/actualites/nouvelle-single.html?tx_ttnews%5Btt_news%5D=451&cHash=332a094188e91cebae829a20a5ef7cf4;200;ok;text/html;9106;Fin de la période d'appel de candidature pour le deuxième Forum de consultation;;3;53;4;Apache;;00:14.058;utf-8;
https://www.csbe.gouv.qc.ca/actualites/nouvelle-single.html?tx_ttnews%5Btt_news%5D=452&cHash=a8adc04aa3225440f6bce01022e4d989;200;ok;text/html;9609;Invitation : Sélection des membres citoyens du deuxième Forum de consultation;;3;54;5;Apache;;00:14.838;utf-8;
https://www.csbe.gouv.qc.ca/actualites/nouvelle-single.html?tx_ttnews%5Btt_news%5D=724&cHash=dbae9cdca7e9b9f78b592509bdcb4827;200;ok;text/html;9307;Appel d’intérêt au poste de Commissaire à la santé et au bien-être;;3;53;3;Apache;;00:14.295;utf-8;
https://www.csbe.gouv.qc.ca/publications.html?tx_csbepublication_liste%5B%40widget_0%5D%5BcurrentPage%5D=1&tx_csbepublicationsapplication_liste%5Bregion%5D=0%27A%3D0;200;ok;text/html;30983;Publications;;3;133;15;Apache;;00:12.051;utf-8;
https://www.csbe.gouv.qc.ca/index.php?eID=tx_cms_showpic&file=134&md5=9323586dadcb2c269981c3013beea9a9684f2294&parameters%5B0%5D=YTo0OntzOjU6IndpZHRoIjtzOjQ6IjgwMG0iO3M6NjoiaGVpZ2h0IjtzOjQ6IjYw&parameters%5B1%5D=MG0iO3M6NzoiYm9keVRhZyI7czo0MToiPGJvZHkgc3R5bGU9Im1hcmdpbjowOyBi&parameters%5B2%5D=YWNrZ3JvdW5kOiNmZmY7Ij4iO3M6NDoid3JhcCI7czozNzoiPGEgaHJlZj0iamF2&parameters%5B3%5D=YXNjcmlwdDpjbG9zZSgpOyI%2BIHwgPC9hPiI7fQ%3D%3D;200;ok;text/html;304;Image;;3;2;2;Apache;;00:16.470;utf-8;
https://www.csbe.gouv.qc.ca/index.php?eID=tx_cms_showpic&file=2719&md5=57d03f2e024158bbf27918a6d1208590692ac9a9&parameters%5B0%5D=YTo0OntzOjU6IndpZHRoIjtzOjQ6IjgwMG0iO3M6NjoiaGVpZ2h0IjtzOjQ6IjYw&parameters%5B1%5D=MG0iO3M6NzoiYm9keVRhZyI7czo0MToiPGJvZHkgc3R5bGU9Im1hcmdpbjowOyBi&parameters%5B2%5D=YWNrZ3JvdW5kOiNmZmY7Ij4iO3M6NDoid3JhcCI7czozNzoiPGEgaHJlZj0iamF2&parameters%5B3%5D=YXNjcmlwdDpjbG9zZSgpOyI%2BIHwgPC9hPiI7fQ%3D%3D;200;ok;text/html;311;Image;;3;2;2;Apache;;00:16.551;utf-8;
https://www.csbe.gouv.qc.ca/actualites/nouvelle-single.html?tx_ttnews%5Btt_news%5D=510&cHash=113ba14be8d794a10131de0422a81ef8;200;ok;text/html;9191;Les citoyennes et citoyens sont invités à poser leur candidature au Forum de consultation du Commissaire à la santé et au bien-être;;3;53;1;Apache;;00:17.710;utf-8;
https://www.csbe.gouv.qc.ca/actualites/nouvelle-single.html?tx_ttnews%5Btt_news%5D=509&cHash=58d36057ec198289aeaed7c4189754b2;200;ok;text/html;9287;Informer des droits et sensibiliser aux responsabilités en matière de santé;;3;53;1;Apache;;00:13.333;utf-8;
https://www.csbe.gouv.qc.ca/actualites/nouvelle-single.html?tx_ttnews%5Btt_news%5D=508&cHash=e61db9f032c3250a3bc90a21ed202d1e;200;ok;text/html;8762;Bilan des activités du premier Forum de consultation;;3;53;1;Apache;;00:13.916;utf-8;
https://www.csbe.gouv.qc.ca/actualites/nouvelle-single.html?tx_ttnews%5Btt_news%5D=507&cHash=7271cb820bac8a15fd12f6c5f017090d;200;ok;text/html;9251;Nomination du docteur Jacques Ramsay à titre de commissaire adjoint à l’appréciation et à l’analyse;;3;53;1;Apache;;00:15.526;utf-8;
https://www.csbe.gouv.qc.ca/actualites/nouvelle-single.html?tx_ttnews%5Btt_news%5D=506&cHash=a93cd01aaa60eebba159e38352a816ad;200;ok;text/html;9411;Performance du système de santé et de services sociaux – Le défi des maladies chroniques au Québec : prévenir, organiser, outiller et soutenir;;3;53;1;Apache;;00:15.524;utf-8;
https://www.csbe.gouv.qc.ca/actualites/nouvelle-single.html?tx_ttnews%5Btt_news%5D=531&cHash=b5854de84e72d27a8a64c6b7f8280e73;200;ok;text/html;8934;Mise en ligne d’un nouvel outil : l’Atlas CSBE;;3;53;1;Apache;;00:17.375;utf-8;
https://www.csbe.gouv.qc.ca/actualites/nouvelle-single.html?tx_ttnews%5Btt_news%5D=530&cHash=5f87a7f696cd06a73a9a736608f2bc10;200;ok;text/html;9047;Enquête internationale du Commonwealth Fund sur les politiques de santé : Le système de soins de santé du Québec comparé;;3;53;1;Apache;;00:11.413;utf-8;
https://www.csbe.gouv.qc.ca/actualites/nouvelle-single.html?tx_ttnews%5Btt_news%5D=498&cHash=81809955ef108309a6403e2ec83133c8;200;ok;text/html;9163;Performance du système de santé et de services sociaux : Revoir nos façons de faire pour mieux répondre aux besoins;;3;53;1;Apache;;00:19.077;utf-8;
https://www.csbe.gouv.qc.ca/actualites/nouvelle-single.html?tx_ttnews%5Btt_news%5D=529&cHash=2b8f3234469899029754319c803a95a4;200;ok;text/html;8878;Le Commissaire à la santé et au bien-être publie son rapport de consultation;;3;53;1;Apache;;00:16.966;utf-8;
https://www.csbe.gouv.qc.ca/actualites/nouvelle-single.html?tx_ttnews%5Btt_news%5D=528&cHash=d899cda76146d068cde65b9a30e1538b;200;ok;text/html;8824;Consultation sur le dépistage prénatal du syndrome de Down (trisomie 21);;3;53;1;Apache;;00:11.049;utf-8;
https://www.csbe.gouv.qc.ca/publications/type/tout-type.html?tx_csbepublication_liste%5B%40widget_0%5D%5BcurrentPage%5D=1&cHash=72e937648d61c0bd9e5a17ecd9cf990f;200;ok;text/html;30963;Publications;;4;133;6;Apache;;00:14.648;utf-8;
https://www.csbe.gouv.qc.ca/publications/type/tout-type.html?tx_csbepublication_liste%5B%40widget_0%5D%5BcurrentPage%5D=3&cHash=a97ffbbb142f245bdd4c9ebf6c379aed;200;ok;text/html;29314;Publications;;4;142;2;Apache;;00:16.225;utf-8;
https://www.csbe.gouv.qc.ca/fileadmin/www/Transparence/mind.html;200;ok;text/html;76637;;12.05.2015  17:03:06;3;8;2;Apache;;00:16.262;;
https://www.csbe.gouv.qc.ca/actualites/nouvelle-single.html?tx_ttnews%5Btt_news%5D=745&cHash=3f58e0d8be9e5987bd0ffbaaed34c3d2;200;ok;text/html;9202;Nouveau rapport d’experts maintenant disponible;;3;53;3;Apache;;00:15.599;utf-8;
https://www.csbe.gouv.qc.ca/actualites/nouvelle-single.html?tx_ttnews%5Btt_news%5D=744&cHash=cccc15ed0a6ed8de5cfe0243a3ccdd32;200;ok;text/html;9087;Sortie du rapport annuel de gestion 2020-2021;;3;53;3;Apache;;00:12.795;utf-8;
https://www.csbe.gouv.qc.ca/actualites/nouvelle-single.html?tx_ttnews%5Btt_news%5D=743&cHash=12215df0cfceedc375d070217425a326;200;ok;text/html;9284;Nouveau mandat sur les services à domicile pour le CSBE;;3;52;3;Apache;;00:15.842;utf-8;
https://www.csbe.gouv.qc.ca/actualites/nouvelle-single.html?tx_ttnews%5Btt_news%5D=742&cHash=07132d9eef5b849d3a690a73312df58e;200;ok;text/html;8943;Nomination - Susan Usher est nommée commissaire adjointe aux politiques et à l'éthique;;3;53;4;Apache;;00:17.021;utf-8;
https://www.csbe.gouv.qc.ca/actualites/nouvelle-single.html?tx_ttnews%5Btt_news%5D=736&cHash=251968baae7ca6f92a228c84d75982a6;200;ok;text/html;9512;Mandat spécial – Report de 4 mois;;3;52;4;Apache;;00:13.794;utf-8;
https://www.csbe.gouv.qc.ca/actualites/2021.html?tx_ttnews%5Bpointer%5D=1&cHash=b12fa8b794d859a35dbb5ad6bff4a138;200;ok;text/html;9065;2021;;3;54;1;Apache;;00:10.652;utf-8;
https://www.csbe.gouv.qc.ca/actualites/nouvelle-single.html?tx_ttnews%5Btt_news%5D=715&cHash=5258b3bfe8c7bb32d77c121c053d1c07;200;ok;text/html;8879;Publication de l'Info-Performance;;3;54;4;Apache;;00:20.095;utf-8;
https://www.csbe.gouv.qc.ca/actualites/nouvelle-single.html?tx_ttnews%5Btt_news%5D=711&cHash=1f2ba5a611f90f3338c95bef4ba632a6;200;ok;text/html;9267;Les perceptions et expériences de soins de la population québécoise;;3;54;5;Apache;;00:15.340;utf-8;
https://www.csbe.gouv.qc.ca/actualites/nouvelle-single.html?tx_ttnews%5Btt_news%5D=491&cHash=1d1a4687051709e9bef5d5f8b81fe16b;200;ok;text/html;9034;Dévoilement de données sur les perceptions et les expériences de soins des Québécois;;3;53;5;Apache;;00:14.180;utf-8;
https://www.csbe.gouv.qc.ca/actualites/nouvelle-single.html?tx_ttnews%5Btt_news%5D=488&cHash=1330f31361457587dfbb3c605b929ebe;200;ok;text/html;8943;Regards sur les modes de rémunération des médecins au Québec;;3;53;6;Apache;;00:10.476;utf-8;
https://www.csbe.gouv.qc.ca/actualites/nouvelle-single.html?tx_ttnews%5Btt_news%5D=527&cHash=cbb62f3dc4b4ef56b9dad166f1bdab81;200;ok;text/html;9567;Le Commissaire à la santé et au bien-être élargit sa consultation sur le dépistage prénatal du syndrome de Down (trisomie 21) à l'ensemble des Québécoises et des Québécois;;3;54;1;Apache;;00:16.943;utf-8;
https://www.csbe.gouv.qc.ca/actualites/nouvelle-single.html?tx_ttnews%5Btt_news%5D=526&cHash=036f401352adfd687688716b222c9737;200;ok;text/html;9150;Apprécier la performance du système de santé et de services sociaux : l’approche du Commissaire à la santé et au bien-être;;3;53;1;Apache;;00:17.616;utf-8;
https://www.csbe.gouv.qc.ca/actualites/nouvelle-single.html?tx_ttnews%5Btt_news%5D=525&cHash=f880dacf324b7ea36aa7ab09bcb02a86;200;ok;text/html;8506;Nomination des membres du premier Forum de consultation;;3;52;1;Apache;;00:15.358;utf-8;
https://www.csbe.gouv.qc.ca/actualites/nouvelle-single.html?tx_ttnews%5Btt_news%5D=524&cHash=650f3da43ee0fb5d4a04cc1fda0de6a8;200;ok;text/html;8724;Appel de candidatures pour le premier Forum de consultation;;3;52;1;Apache;;00:12.124;utf-8;
https://www.csbe.gouv.qc.ca/actualites/nouvelle-single.html?tx_ttnews%5Btt_news%5D=523&cHash=baae0407a12253dd77eb6aed8e320353;200;ok;text/html;8963;Constitution du Forum de consultation du Commissaire à la santé et au bien-être;;3;52;1;Apache;;00:20.052;utf-8;
https://www.csbe.gouv.qc.ca/actualites/nouvelle-single.html?tx_ttnews%5Btt_news%5D=522&cHash=ce06c30f39ac8ee9b1800b7213d8e214;200;ok;text/html;8612;Monsieur Robert Salois, premier Commissaire à la santé et au bien-être;;3;52;1;Apache;;00:15.732;utf-8;
https://www.csbe.gouv.qc.ca/actualites/nouvelle-single.html?tx_ttnews%5Btt_news%5D=672&cHash=9aba3fe96090c3bd3958b3287d841bd1;200;ok;text/html;9799;Participate in our call for personal accounts about the basket of insured services;;4;56;1;Apache;;00:19.878;utf-8;
https://www.csbe.gouv.qc.ca/communiques-presse.html?tx_ttnews%5Bpointer%5D=3;200;ok;text/html;18361;Communiqués;;4;63;1;Apache;;00:16.916;utf-8;
https://www.csbe.gouv.qc.ca/actualites/nouvelle-single.html?tx_ttnews%5Btt_news%5D=442&cHash=cca2446a79f83f922b85695d74a1182e;200;ok;text/html;8860;Enquête du Commonwealth Fund de 2011;;3;53;3;Apache;;00:14.827;utf-8;
https://www.csbe.gouv.qc.ca/actualites/nouvelle-single.html?tx_ttnews%5Btt_news%5D=436&cHash=6384d0dbe2f8720c0e039d94ff1aaff7;200;ok;text/html;8729;Performance des soins et services en santé mentale;;3;53;4;Apache;;00:18.990;utf-8;
https://www.csbe.gouv.qc.ca/actualites/nouvelle-single.html?tx_ttnews%5Btt_news%5D=714&cHash=15fe80a6e1d1739d5f8fb31dda9d51a8;200;ok;text/html;9509;Résultats de la performance globale du système de santé et de services sociaux;;3;54;4;Apache;;00:10.684;utf-8;
https://www.csbe.gouv.qc.ca/actualites/nouvelle-single.html?tx_ttnews%5Btt_news%5D=722&cHash=c10e9b4b40179458aec106424cabaa15;200;ok;text/html;8998;Publication de l'Info-Performance;;3;54;4;Apache;;00:17.682;utf-8;
https://www.csbe.gouv.qc.ca/actualites/nouvelle-single.html?tx_ttnews%5Btt_news%5D=716&cHash=7d1e32a62b4cc29bb761bba5dbb21555;200;ok;text/html;8651;Avis de changement d’adresse du CSBE;;3;53;4;Apache;;00:17.622;utf-8;
https://www.csbe.gouv.qc.ca/actualites/nouvelle-single.html?tx_ttnews%5Btt_news%5D=437&cHash=5091b88f79b8d2282f34fe0e7e3e3895;200;ok;text/html;8628;Bulletin n° 5 de l'Info-Performance;;3;53;4;Apache;;00:17.341;utf-8;
https://www.csbe.gouv.qc.ca/actualites/nouvelle-single.html?tx_ttnews%5Btt_news%5D=438&cHash=cc955e9fbeb12f42bb274c2068d6bfc1;200;ok;text/html;8830;Médicament : Activités de consultations en cours;;3;53;5;Apache;;00:17.697;utf-8;
https://www.csbe.gouv.qc.ca/publications/type/avis-et-autres-rapports.html?tx_csbepublication_liste%5B%40widget_0%5D%5BcurrentPage%5D=1&cHash=5d87635ce402864694e179b9f59d9b6f;200;ok;text/html;25672;Publications;;4;116;1;Apache;;00:18.802;utf-8;
https://www.csbe.gouv.qc.ca/communiques-presse.html?tx_ttnews%5Bpointer%5D=1;200;ok;text/html;18361;Communiqués;;4;63;1;Apache;;00:16.602;utf-8;
https://www.csbe.gouv.qc.ca/publications/type/enquetes-du-commonwealth-fund.html?tx_csbepublication_liste%5B%40widget_0%5D%5BcurrentPage%5D=1&cHash=1796bd37a04107c98533744883c376b8;200;ok;text/html;32849;Publications;;4;144;1;Apache;;00:15.699;utf-8;
https://www.csbe.gouv.qc.ca/actualites/nouvelle-single.html?tx_ttnews%5Btt_news%5D=638&cHash=ff66b262ceba2653159454cdc71640eb;200;ok;text/html;8875;Le Commissaire lance un appel de mémoires sur le panier de services;;3;53;3;Apache;;00:21.273;utf-8;
https://www.csbe.gouv.qc.ca/actualites/nouvelle-single.html?tx_ttnews%5Btt_news%5D=622&cHash=9be45acd0529e3bb52020ce8f91e47d2;200;ok;text/html;9433;Rapport d'appréciation de la performance du Québec et de ses régions maintenant en ligne;;3;55;6;Apache;;00:14.493;utf-8;
https://www.csbe.gouv.qc.ca/actualites/nouvelle-single.html?tx_ttnews%5Btt_news%5D=460&cHash=e9228fb6bd316245a5065fdba2a2edbc;200;ok;text/html;9092;Enquête internationale du Commonwealth Fund : des données pour le Québec;;3;53;4;Apache;;00:19.183;utf-8;
https://www.csbe.gouv.qc.ca/actualites/nouvelle-single.html?tx_ttnews%5Btt_news%5D=463&cHash=7f224a2b09dd60a74b66e9a10c923ab1;200;ok;text/html;8819;Le Commissaire à la santé et au bien-être publie son Plan d'action de développement durable 2009-2013;;3;53;3;Apache;;00:16.962;utf-8;
https://www.csbe.gouv.qc.ca/actualites/nouvelle-single.html?tx_ttnews%5Btt_news%5D=461&cHash=a692804da62fa280222a47b97dae4089;200;ok;text/html;8813;Publication du rapport annuel de gestion 2008-2011;;3;53;4;Apache;;00:19.099;utf-8;
https://www.csbe.gouv.qc.ca/actualites/nouvelle-single.html?tx_ttnews%5Btt_news%5D=462&cHash=99a37ea69634d2c7c78e0509c01412bd;200;ok;text/html;8868;Portrait de la performance de la première ligne de soins;;3;53;5;Apache;;00:15.708;utf-8;
https://www.csbe.gouv.qc.ca/publications.html?tx_csbepublicationsapplication_liste%5Bregion%5D=0%27A%3D0&tx_csbepublication_liste%5B%40widget_0%5D%5BcurrentPage%5D=2&cHash=387a3e54db6602b2b8d78c469ddbc668;200;ok;text/html;28276;Publications;;5;120;5;Apache;;00:15.812;utf-8;
https://www.csbe.gouv.qc.ca/publications.html?tx_csbepublicationsapplication_liste%5Bregion%5D=0%27A%3D0&tx_csbepublication_liste%5B%40widget_0%5D%5BcurrentPage%5D=7&cHash=d6c4851d3e3098ffaa0961df376417b7;200;ok;text/html;11608;Publications;;5;58;13;Apache;;00:20.067;utf-8;
https://www.csbe.gouv.qc.ca/publications/type/bulletins-dinformation.html?tx_csbepublication_liste%5B%40widget_0%5D%5BcurrentPage%5D=2&cHash=4082cd9b43b29826eb604aac2f3bf91c;200;ok;text/html;21699;Publications;;3;80;2;Apache;;00:19.559;utf-8;
https://www.csbe.gouv.qc.ca/publications.html?tx_csbepublication_liste%5B%40widget_0%5D%5BcurrentPage%5D=5&cHash=e5ddac13ef22fb23b8ee396586352705;200;ok;text/html;31464;Publications;;4;131;4;Apache;;00:16.966;utf-8;
https://www.csbe.gouv.qc.ca/actualites/nouvelle-single.html?tx_ttnews%5Btt_news%5D=723&cHash=a5bf58831269f3c0eacb867c4d010d19;200;ok;text/html;9135;Utilisation des urgences en santé mentale et en santé physique;;3;53;3;Apache;;00:16.210;utf-8;
https://www.csbe.gouv.qc.ca/actualites/nouvelle-single.html?tx_ttnews%5Btt_news%5D=719&cHash=0e40c09d5c82fd72523b01ca39ee43f5;200;ok;text/html;9408;Les perceptions et expériences de soins des personnes de 65 ans et plus;;3;56;3;Apache;;00:17.046;utf-8;
https://www.csbe.gouv.qc.ca/actualites/nouvelle-single.html?tx_ttnews%5Btt_news%5D=717&cHash=fcd6ef47b87512d765910d7c79ebda0c;200;ok;text/html;8517;Rapport annuel de gestion 2016-2017;;3;53;3;Apache;;00:14.810;utf-8;
https://www.csbe.gouv.qc.ca/publications.html?tx_csbepublicationsapplication_liste%5Bregion%5D=0%27A%3D0&tx_csbepublication_liste%5B%40widget_0%5D%5BcurrentPage%5D=1&cHash=166a6d8b433e8fc406e642bc3142b929;200;ok;text/html;31107;Publications;;6;133;12;Apache;;00:19.449;utf-8;
https://www.csbe.gouv.qc.ca/publications.html?tx_csbepublicationsapplication_liste%5Bregion%5D=0%27A%3D0&tx_csbepublication_liste%5B%40widget_0%5D%5BcurrentPage%5D=3&cHash=516bbc25accfe64a076f4f52972670c8;200;ok;text/html;29554;Publications;;6;142;4;Apache;;00:15.339;utf-8;
https://www.csbe.gouv.qc.ca/publications.html?tx_csbepublication_liste%5B%40widget_0%5D%5BcurrentPage%5D=3&cHash=4dd6bc1f7a54e1525624471622f5c553;200;ok;text/html;29239;Publications;;3;142;4;Apache;;00:15.126;utf-8;
https://www.csbe.gouv.qc.ca/actualites/nouvelle-single.html?tx_ttnews%5Btt_news%5D=566&cHash=e6158da8fa99f1584bc4a310eca69efe;200;ok;text/html;9295;Nouvelle parution de l’Info-Performance sur l’évolution de la situation des urgences depuis 10 ans;;3;54;3;Apache;;00:16.952;utf-8;
https://www.csbe.gouv.qc.ca/actualites/nouvelle-single.html?tx_ttnews%5Btt_news%5D=564&cHash=fd6fce55f60abec7a29aa8a1e94ec9c9;200;ok;text/html;9682;Nomination de M. Olivier Sossa à la présidence de la Société québécoise d’évaluation de programme;;3;52;3;Apache;;00:18.650;utf-8;
https://www.csbe.gouv.qc.ca/actualites/nouvelle-single.html?tx_ttnews%5Btt_news%5D=544&cHash=94a58ecd243d64c1f9ac1ab9351ae524;200;ok;text/html;8756;Rapport annuel de gestion 2013-2014;;3;53;4;Apache;;00:18.564;utf-8;
https://www.csbe.gouv.qc.ca/actualites/nouvelle-single.html?tx_ttnews%5Btt_news%5D=558&cHash=42b17840e566039e106476aaabd8e3da;200;ok;text/html;9006;Publication d’un rapport sur l’évolution des urgences au Québec;;3;54;3;Apache;;00:17.138;utf-8;
https://www.csbe.gouv.qc.ca/actualites/nouvelle-single.html?tx_ttnews%5Btt_news%5D=555&cHash=bc0116f4f2c46a52f1962f9eaf0bf4db;200;ok;text/html;8770;Publication du bulletin n° 8 de l'Info-Performance;;3;53;6;Apache;;00:17.356;utf-8;
https://www.csbe.gouv.qc.ca/actualites/nouvelle-single.html?tx_ttnews%5Btt_news%5D=553&cHash=1baa0e74fbeaefff39f88c3612c4c7da;200;ok;text/html;8682;Nouveau Forum de consultation;;3;53;5;Apache;;00:17.451;utf-8;
https://www.csbe.gouv.qc.ca/actualites/nouvelle-single.html?tx_ttnews%5Btt_news%5D=550&cHash=ea9cf489017f8daa66d177471ed9c012;200;ok;text/html;9026;Sortie de l'avis sur les activités de procréation assistée;;3;54;5;Apache;;00:14.001;utf-8;
https://www.csbe.gouv.qc.ca/actualites/nouvelle-single.html?tx_ttnews%5Btt_news%5D=545&cHash=091d9f4bf1871334edce85a8fe4a3419;200;ok;text/html;8910;Colloque du Commissaire au congrès annuel de l’Acfas;;3;54;6;Apache;;00:18.914;utf-8;
https://www.csbe.gouv.qc.ca/actualites/nouvelle-single.html?tx_ttnews%5Btt_news%5D=539&cHash=cb8d940afb8b80871027853c737821d0;200;ok;text/html;9084;Qualité et sécurité des soins;;3;54;4;Apache;;00:17.064;utf-8;
https://www.csbe.gouv.qc.ca/actualites/nouvelle-single.html?tx_ttnews%5Btt_news%5D=490&cHash=9ddee5b1f02fe240945e2fb641f07c3f;200;ok;text/html;9121;Colloque du Commissaire au 82e Congrès de l’Acfas;;3;54;3;Apache;;00:19.272;utf-8;
https://www.csbe.gouv.qc.ca/actualites/nouvelle-single.html?tx_ttnews%5Btt_news%5D=536&cHash=3e304e0c50ddb9ed02f01cf8dd1787ce;200;ok;text/html;9275;Publication du bulletin n° 6 de l'Info-Performance;;3;54;3;Apache;;00:18.243;utf-8;
https://www.csbe.gouv.qc.ca/actualites/nouvelle-single.html?tx_ttnews%5Btt_news%5D=439&cHash=456fa48aedb0f8ac6db73d906bf6ab21;200;ok;text/html;8741;Nomination du docteur Jacques E. Girard;;3;53;4;Apache;;00:18.942;utf-8;
https://www.csbe.gouv.qc.ca/actualites/nouvelle-single.html?tx_ttnews%5Btt_news%5D=440&cHash=c1d7161c95e481333db838996a7e9b57;200;ok;text/html;8939;L’importance du débat public et les conditions qui y sont propices;;3;53;4;Apache;;00:17.647;utf-8;
https://www.csbe.gouv.qc.ca/actualites/nouvelle-single.html?tx_ttnews%5Btt_news%5D=441&cHash=035cccaa118c1f5d49b1210208268fde;200;ok;text/html;8874;Périnatalité et petite enfance : Pour des soins et services mieux adaptés en temps opportun;;3;53;4;Apache;;00:15.432;utf-8;
https://www.csbe.gouv.qc.ca/actualites/nouvelle-single.html?tx_ttnews%5Btt_news%5D=620&cHash=a0ea7cd3550f45fe226d89b50a911460;200;ok;text/html;8959;Les thèmes de nos rapports à venir;;3;54;4;Apache;;00:18.418;utf-8;
https://www.csbe.gouv.qc.ca/publications/region/toutes-regions.html?tx_csbepublication_liste%5B%40widget_0%5D%5BcurrentPage%5D=4&cHash=c8974a9b87656ecd0c33f191ae3e3185;200;ok;text/html;34655;Publications;;5;158;2;Apache;;00:15.945;utf-8;
https://www.csbe.gouv.qc.ca/communiques-presse.html?tx_ttnews%5Bpointer%5D=2;200;ok;text/html;18361;Communiqués;;4;63;1;Apache;;00:15.811;utf-8;
https://www.csbe.gouv.qc.ca/publications.html?tx_csbepublicationsapplication_liste%5Bregion%5D=0%27A%3D0&tx_csbepublication_liste%5B%40widget_0%5D%5BcurrentPage%5D=4&cHash=d66ad14cdbaac0a2a11f8c4b6dbe5ac5;200;ok;text/html;38414;Publications;;7;200;4;Apache;;00:20.208;utf-8;
https://www.csbe.gouv.qc.ca/publications/type/rapports-dappreciation-de-la-performance.html?tx_csbepublication_liste%5B%40widget_0%5D%5BcurrentPage%5D=1&cHash=bc4b33631e66aaa6fe9822e1b6ec11ad;200;ok;text/html;37393;Publications;;4;182;1;Apache;;00:14.384;utf-8;
https://www.csbe.gouv.qc.ca/atlas.html;200;ok;text/html;10398;Atlas CSBE;;3;48;3;Apache;;00:14.799;utf-8;
https://www.csbe.gouv.qc.ca/publications.html?tx_csbepublication_liste%5B%40widget_0%5D%5BcurrentPage%5D=6;200;ok;text/html;33617;Publications;;5;152;1;Apache;;00:17.141;utf-8;
https://www.csbe.gouv.qc.ca/publications.html?tx_csbepublication_liste%5B%40widget_0%5D%5BcurrentPage%5D=1;200;ok;text/html;30857;Publications;;5;133;1;Apache;;00:19.762;utf-8;
https://www.csbe.gouv.qc.ca/actualites/nouvelle-single.html?tx_ttnews%5Btt_news%5D=617&cHash=0f7a9037b582e82849079ae9bf4ff1bb;200;ok;text/html;8586;Rapport annuel de gestion 2014-2015;;3;53;3;Apache;;00:19.380;utf-8;
https://www.csbe.gouv.qc.ca/index.php?eID=tx_cms_showpic&file=2752&md5=8a3259deb0bd43c1b9c4731303caf4a7f32b17f5&parameters%5B0%5D=YTo0OntzOjU6IndpZHRoIjtzOjQ6IjgwMG0iO3M6NjoiaGVpZ2h0IjtzOjQ6IjYw&parameters%5B1%5D=MG0iO3M6NzoiYm9keVRhZyI7czo0MToiPGJvZHkgc3R5bGU9Im1hcmdpbjowOyBi&parameters%5B2%5D=YWNrZ3JvdW5kOiNmZmY7Ij4iO3M6NDoid3JhcCI7czozNzoiPGEgaHJlZj0iamF2&parameters%5B3%5D=YXNjcmlwdDpjbG9zZSgpOyI%2BIHwgPC9hPiI7fQ%3D%3D;200;ok;text/html;311;Image;;3;2;2;Apache;;00:15.796;utf-8;
https://www.csbe.gouv.qc.ca/publications.html?tx_csbepublication_liste%5B%40widget_0%5D%5BcurrentPage%5D=2;200;ok;text/html;27963;Publications;;4;120;1;Apache;;00:17.171;utf-8;
https://www.csbe.gouv.qc.ca/publications/publication.html?tx_csbepublication_liste%5Bpublication%5D=147&tx_csbepublication_liste%5Baction%5D=fiche;200;ok;text/html;8166;Publication;;3;40;1;Apache;;00:17.159;utf-8;
https://www.csbe.gouv.qc.ca/publications.html?tx_csbepublication_liste%5B%40widget_0%5D%5BcurrentPage%5D=3;200;ok;text/html;29178;Publications;;5;142;1;Apache;;00:14.970;utf-8;
https://www.csbe.gouv.qc.ca/publications/type/tout-type.html?tx_csbepublication_liste%5B%40widget_0%5D%5BcurrentPage%5D=6&cHash=4128f6a30305ee0bdbdb4d8eeddb9ede;200;ok;text/html;33738;Publications;;4;152;2;Apache;;00:16.399;utf-8;
https://www.csbe.gouv.qc.ca/communiques-presse.html?tx_ttnews%5Bpointer%5D=4;200;ok;text/html;18361;Communiqués;;4;63;1;Apache;;00:15.096;utf-8;
https://www.csbe.gouv.qc.ca/publications.html?tx_csbepublication_liste%5B%40widget_0%5D%5BcurrentPage%5D=4&cHash=6446854b7a922730c3b463d7d76ff7e9;200;ok;text/html;38099;Publications;;4;200;4;Apache;;00:16.089;utf-8;
https://www.csbe.gouv.qc.ca/publications/region/toutes-regions.html?tx_csbepublication_liste%5B%40widget_0%5D%5BcurrentPage%5D=3&cHash=fb06d7fb268e1a2433a70017b9e16edc;200;ok;text/html;31345;Publications;;4;138;2;Apache;;00:19.833;utf-8;
https://www.csbe.gouv.qc.ca/publications.html?tx_csbepublication_liste%5B%40widget_0%5D%5BcurrentPage%5D=7;200;ok;text/html;11358;Publications;;4;58;1;Apache;;00:16.579;utf-8;
https://www.csbe.gouv.qc.ca/publications/publication.html?tx_csbepublication_liste%5Bpublication%5D=152&tx_csbepublication_liste%5Baction%5D=fiche;200;ok;text/html;8166;Publication;;3;40;1;Apache;;00:18.910;utf-8;
https://www.csbe.gouv.qc.ca/publications.html?tx_csbepublicationsapplication_liste%5Bregion%5D=0%27A%3D0&tx_csbepublication_liste%5B%40widget_0%5D%5BcurrentPage%5D=3;200;ok;text/html;29430;Publications;;8;142;1;Apache;;00:17.932;utf-8;
https://www.csbe.gouv.qc.ca/publications.html?tx_csbepublicationsapplication_liste%5Bregion%5D=0%27A%3D0&tx_csbepublication_liste%5B%40widget_0%5D%5BcurrentPage%5D=7;200;ok;text/html;11484;Publications;;8;58;1;Apache;;00:17.137;utf-8;
https://www.csbe.gouv.qc.ca/publications.html?tx_csbepublicationsapplication_liste%5Bregion%5D=0%27A%3D0&tx_csbepublication_liste%5B%40widget_0%5D%5BcurrentPage%5D=1;200;ok;text/html;30983;Publications;;8;133;1;Apache;;00:16.629;utf-8;
https://www.csbe.gouv.qc.ca/publications/type/bulletins-dinformation.html?tx_csbepublication_liste%5B%40widget_0%5D%5BcurrentPage%5D=1&cHash=1bf63ca70bb7adb06f7e351567f12767;200;ok;text/html;20599;Publications;;4;84;1;Apache;;00:16.761;utf-8;
https://www.csbe.gouv.qc.ca/publications.html?tx_csbepublicationsapplication_liste%5Bregion%5D=0%27A%3D0&tx_csbepublication_liste%5B%40widget_0%5D%5BcurrentPage%5D=2;200;ok;text/html;28152;Publications;;9;120;1;Apache;;00:18.387;utf-8;
https://www.csbe.gouv.qc.ca/publications.html?tx_csbepublicationsapplication_liste%5Bregion%5D=0%27A%3D0&tx_csbepublication_liste%5B%40widget_0%5D%5BcurrentPage%5D=4;200;ok;text/html;38290;Publications;;9;200;1;Apache;;00:20.562;utf-8;
https://www.csbe.gouv.qc.ca/publications.html?tx_csbepublication_liste%5B%40widget_0%5D%5BcurrentPage%5D=5;200;ok;text/html;31403;Publications;;6;131;1;Apache;;00:19.433;utf-8;
https://www.csbe.gouv.qc.ca/actualites/nouvelle-single.html?tx_ttnews%5Btt_news%5D=626&cHash=d52596b5e58610411dd62f604e43890e;200;ok;text/html;9176;Commissaire à la santé et au bien-être : travaux en cours sur le panier de services assurés en santé et en services sociaux;;3;53;1;Apache;;00:19.998;utf-8;
https://www.csbe.gouv.qc.ca/actualites/nouvelle-single.html?tx_ttnews%5Btt_news%5D=621&cHash=0bd2b5b347bedf2ceac3437e3eab7e8e;200;ok;text/html;9100;Le Commissaire publie son rapport d’appréciation de la performance du système de santé et de services sociaux de 2015;;3;53;1;Apache;;00:17.892;utf-8;
https://www.csbe.gouv.qc.ca/actualites/nouvelle-single.html?tx_ttnews%5Btt_news%5D=619&cHash=f3c2d7f44502e3fd5715246796ddc087;200;ok;text/html;9141;Le Commissaire à la santé et au bien-être annonce les thèmes de ses prochains travaux sur la performance du système de santé et de services sociaux québécois;;3;53;1;Apache;;00:16.364;utf-8;
https://www.csbe.gouv.qc.ca/actualites/nouvelle-single.html?tx_ttnews%5Btt_news%5D=598&cHash=b5dac2db3e0d2df3e0084b77dabf801a;200;ok;text/html;9293;Les médicaments d’ordonnance : Agir sur les coûts et l’usage au bénéfice du patient et de la pérennité du système;;3;53;1;Apache;;00:18.687;utf-8;
https://www.csbe.gouv.qc.ca/actualites/nouvelle-single.html?tx_ttnews%5Btt_news%5D=572&cHash=bdc6ebe06ecd52118e9369bd4bdc66a8;200;ok;text/html;9474;Perceptions et expériences de soins des Québécoises et Québécois âgés de 55 ans et plus : Résultats de l’enquête internationale sur les politiques de santé du Commonwealth Fund de 2014;;3;53;1;Apache;;00:20.501;utf-8;
https://www.csbe.gouv.qc.ca/actualites/nouvelle-single.html?tx_ttnews%5Btt_news%5D=557&cHash=6b03a731db1c0fd2f66eac7b897e5fd7;200;ok;text/html;8967;Les urgences au Québec : évolution de 2003-2004 à 2012-2013;;3;53;1;Apache;;00:17.001;utf-8;
https://www.csbe.gouv.qc.ca/actualites/nouvelle-single.html?tx_ttnews%5Btt_news%5D=551&cHash=2d4fb43c8c96e0878bc48b746f8b0457;200;ok;text/html;9352;Nomination des membres du troisième Forum de consultation du Commissaire à la santé et au bien-être;;3;55;2;Apache;;00:18.523;utf-8;
https://www.csbe.gouv.qc.ca/actualites/nouvelle-single.html?tx_ttnews%5Btt_news%5D=549&cHash=5daee57cb347dccf046b90f065e0dde5;200;ok;text/html;9109;Avis sur les activités de procréation assistée au Québec;;3;53;1;Apache;;00:20.606;utf-8;
https://www.csbe.gouv.qc.ca/actualites/nouvelle-single.html?tx_ttnews%5Btt_news%5D=546&cHash=31d879980e0a86e4d118e2f9fc0edb05;200;ok;text/html;9128;Colloque du Commissaire au congrès annuel de l’Acfas;;3;53;1;Apache;;00:18.772;utf-8;
https://www.csbe.gouv.qc.ca/actualites/nouvelle-single.html?tx_ttnews%5Btt_news%5D=543&cHash=a297ff2b4736339cc0055ee07589285b;200;ok;text/html;9266;Publication du rapport d’appréciation du Commissaire - La performance du système de santé et de services sociaux québécois 2014;;3;53;1;Apache;;00:20.011;utf-8;
https://www.csbe.gouv.qc.ca/actualites/nouvelle-single.html?tx_ttnews%5Btt_news%5D=594&cHash=9d57520903d4e9048b885b252d2fef4d;200;ok;text/html;10200;Nomination de Mme Véronique Déry au poste de commissaire adjointe;;3;52;4;Apache;;00:19.013;utf-8;
https://www.csbe.gouv.qc.ca/publications.html?tx_csbepublicationsapplication_liste%5Bregion%5D=0%27A%3D0&tx_csbepublication_liste%5B%40widget_0%5D%5BcurrentPage%5D=6&cHash=c6d549c0d80c877ad927419aa001db2d;200;ok;text/html;33930;Publications;;6;152;4;Apache;;00:18.585;utf-8;
https://www.csbe.gouv.qc.ca/publications.html?tx_csbepublicationsapplication_liste%5Bregion%5D=0%27A%3D0&tx_csbepublication_liste%5B%40widget_0%5D%5BcurrentPage%5D=5&cHash=578a23d1ca2b67283eeafa594c7110e2;200;ok;text/html;31779;Publications;;8;131;4;Apache;;00:20.204;utf-8;
https://www.csbe.gouv.qc.ca/actualites/nouvelle-single.html?tx_ttnews%5Btt_news%5D=599&cHash=474b7e090e6f009245fdbfae1238e7a1;200;ok;text/html;8871;Mémoire sur le projet de loi n° 20;;3;53;4;Apache;;00:20.920;utf-8;
https://www.csbe.gouv.qc.ca/actualites/nouvelle-single.html?tx_ttnews%5Btt_news%5D=596&cHash=4854704816d1d8cc1cab594cf275da18;200;ok;text/html;8963;Publication du bulletin n° 10 de l’Info-Performance;;3;53;5;Apache;;00:18.626;utf-8;
https://www.csbe.gouv.qc.ca/actualites/nouvelle-single.html?tx_ttnews%5Btt_news%5D=554&cHash=3c21b883410e2c18739328434622fc31;200;ok;text/html;9275;Health and Welfare Commissioner appoints members for his third Consultation Forum;;4;55;1;Apache;;00:19.676;utf-8;
https://www.csbe.gouv.qc.ca/publications.html?tx_csbepublicationsapplication_liste%5Bregion%5D=0%27A%3D0&tx_csbepublication_liste%5B%40widget_0%5D%5BcurrentPage%5D=6;200;ok;text/html;33806;Publications;;9;152;1;Apache;;00:16.336;utf-8;
https://www.csbe.gouv.qc.ca/actualites/nouvelle-single.html?tx_ttnews%5Btt_news%5D=613&cHash=a7da39f5465743b93be287d0f21d8d48;200;ok;text/html;8832;Publication du bulletin n° 12 de l’Info-Performance;;3;53;3;Apache;;00:21.025;utf-8;
https://www.csbe.gouv.qc.ca/actualites/nouvelle-single.html?tx_ttnews%5Btt_news%5D=607&cHash=c2fa354d5fb1c26f986b8520eb618f65;200;ok;text/html;8668;Publication du bulletin n° 11 de l’Info-Performance;;3;53;3;Apache;;00:17.543;utf-8;
https://www.csbe.gouv.qc.ca/actualites/nouvelle-single.html?tx_ttnews%5Btt_news%5D=597&cHash=ea87ec348ad0a9fea3fc9dd609287065;200;ok;text/html;9009;Rapport sur les médicaments d’ordonnance : constats et recommandations;;3;54;3;Apache;;00:20.898;utf-8;
https://www.csbe.gouv.qc.ca/actualites/nouvelle-single.html?tx_ttnews%5Btt_news%5D=595&cHash=38a3ca2b8c2d0513adff0bfca8634b9e;200;ok;text/html;9329;De nouvelles données sur les perceptions et expériences de soins des Québécoises et Québécois de 55 ans et plus;;3;54;3;Apache;;00:18.433;utf-8;
https://www.csbe.gouv.qc.ca/publications.html?tx_csbepublicationsapplication_liste%5Bregion%5D=0%27A%3D0&tx_csbepublication_liste%5B%40widget_0%5D%5BcurrentPage%5D=5;200;ok;text/html;31655;Publications;;10;131;1;Apache;;00:20.806;utf-8;
https://www.csbe.gouv.qc.ca/publications.html?tx_csbepublication_liste%5B%40widget_0%5D%5BcurrentPage%5D=4;200;ok;text/html;38038;Publications;;6;200;1;Apache;;00:20.533;utf-8;
https://www.csbe.gouv.qc.ca/publications/type/tout-type.html?tx_csbepublication_liste%5B%40widget_0%5D%5BcurrentPage%5D=4&cHash=9591c7eb5d10b0505bfb0c137e2e3f70;200;ok;text/html;38174;Publications;;5;200;2;Apache;;00:20.762;utf-8;
https://www.csbe.gouv.qc.ca/publications/type/tout-type.html?tx_csbepublication_liste%5B%40widget_0%5D%5BcurrentPage%5D=5&cHash=e5a6102c27d846210527ca16f9270060;200;ok;text/html;31539;Publications;;5;131;2;Apache;;00:21.459;utf-8;
